ingredient_id,ingredient_name,base_category,product_count,function_ids,popularity_score,raw_material_examples
ING-0001,GABA,GABA,833,F01|F02|F03|F04|F05|F06|F07|F08|F09|F10|F11|F12|F13|F14|F15|F16|F17|F19|F20|F21|F22|F26|F27|F28,100,マリーゴールドエキス、γ-アミノ酪酸 / ラフマ葉抽出物、ＧＡＢＡ / コーヒー豆（生豆生産国名：ブラジル）、ＧＡＢＡ
ING-0002,ルテイン,ルテイン,254,F02|F03|F04|F05|F07|F08|F09|F10|F11|F12|F13|F14|F15|F16|F17|F20|F26|F27,100,"マリーゴールド色素
GABA / マリーゴールドエキス、γ-アミノ酪酸 / マリーゴールド（ルテイン含有）"
ING-0003,ブラックジンジャー由来ポリメトキシフラボン,ブラックジンジャーポリメトキシ,249,F01|F02|F03|F04|F05|F06|F07|F08|F09|F10|F11|F12|F13|F14|F15|F16|F17|F19|F20|F21|F22|F27,100,桑葉抽出物（桑葉エキス、デキストリン）、ブラックジンジャー抽出物（ブラックジンジャーエキス、デキストリン） / 鶏軟骨抽出物、ブラックジンジャー抽出物 / ブラックジンジャーエキス
ING-0004,エラグ酸,エラグ酸,188,F01|F02|F03|F04|F05|F06|F09|F10|F11|F13|F14|F15|F17|F19|F20|F21|F22|F27,100,ザクロ果実エキス / アフリカマンゴノキエキス（エラグ酸含有）（アメリカ製造） / エラグ酸：ザクロ果実エキス末、オリーブ由来ヒドロシチロソール：オリーブ葉エキス末
ING-0005,イヌリン,イヌリン,160,F01|F02|F03|F04|F05|F06|F07|F08|F09|F10|F11|F12|F14|F15|F17|F19|F20|F22,100,チコリ根抽出物（ベルギー製造） / 水溶性食物繊維（イヌリン） / イヌリン（タイ製造）
ING-0006,難消化性デキストリン(食物繊維),食物繊維,155,F01|F02|F03|F04|F05|F06|F07|F10|F17,100,難消化性デキストリン、サラシア濃縮エキス、海藻抽出物、緑茶抽出物、酵素処理ルチン / 難消化性デキストリン（韓国製造） / 難消化性デキストリン
ING-0007,ゼアキサンチン,ルテイン,151,F02|F03|F04|F07|F08|F09|F10|F11|F12|F13|F14|F15|F16|F17|F20|F26|F27,100,"マリーゴールドエキス、γ-アミノ酪酸 / GABA、イチョウ葉抽出物、マリーゴールド色素 / ルテイン・ゼアキサンチン：マリーゴールド色素
アスタキサンチン：ヘマトコッカス藻色素"
ING-0008,アスタキサンチン,アスタキサンチン,133,F04|F05|F06|F07|F08|F09|F10|F11|F13|F14|F15|F17|F19|F27,100,"ヘマトコッカス藻色素（アスタキサンチン含有） / 還元型コエンザイムQ10、ヘマトコッカス藻色素 / ルテイン・ゼアキサンチン：マリーゴールド色素
アスタキサンチン：ヘマトコッカス藻色素"
ING-0009,サケ鼻軟骨由来プロテオグリカン,プロテオグリカン,129,F01|F05|F09|F10|F11|F12|F13|F14|F15|F19|F20,100,"プロテオグリカン含有サケ鼻軟骨抽出物（デキストリン、サケ鼻軟骨抽出物）、筋骨草エキス末 / サケ鼻軟骨エキス / 機能性関与成分サケ鼻軟骨由来Ⅱ型コラーゲン、サケ鼻軟骨由来プロテオグリカン：サケ鼻軟骨抽出物
機能性関与成分米由来グルコシルセラミド：米胚芽抽出物末"
ING-0010,有胞子性乳酸菌,乳酸菌・プロバイオティクス,117,F01|F02|F03|F04|F05|F06|F07|F08|F09|F10|F11|F14|F15|F19|F20|F21|F22,100,"ターミナリアベリリカ抽出物、有胞子性乳酸菌末、GABA（γ-アミノ酪酸） / ブラックジンジャー抽出物（ブラックジンジャーエキス、デキストリン）、茶花エキス末（マルトデキストリン、茶花抽出物）、バナバエキス、有胞子性乳酸菌 / 【有胞子性乳酸菌（Heyndrickxia coagulans SANK70258）】
有胞子性乳酸菌
【3-(4-ヒドロキシ-3-メトキシフェニル)プロピオン酸 (HMPA) 】
米ぬか発酵物"
ING-0011,還元型コエンザイムQ10,コエンザイムQ10,101,F05|F07|F08|F09|F10|F11|F14|F15|F16|F17|F19,100,ユビキノール（還元型コエンザイムQ10） / 還元型コエンザイムQ10、ヘマトコッカス藻色素 / 酢酸菌加工品、還元型コエンザイムQ10
ING-0012,ヒハツ由来ピペリン類,ヒハツ,96,F01|F02|F03|F04|F05|F07|F09|F10|F11|F12|F13|F14|F15|F19|F20|F22|F26|F28,100,ヒハツエキス末（でんぷん分解物、ヒハツエキス） / ヒハツ抽出物、GABA / ヒハツ抽出物（デキストリン、ヒハツエキス）
ING-0013,N-アセチルグルコサミン,グルコサミン,94,F01|F05|F07|F09|F10|F11|F12|F13|F14|F15|F19|F20,100,N-アセチルグルコサミン、ブラックジンジャー抽出物 / N-アセチルグルコサミン（国内製造） / N-アセチルグルコサミン、サケ鼻軟骨抽出物（プロテオグリカン、非変性Ⅱ型コラーゲンを含む）
ING-0014,葛の花由来イソフラボン,大豆イソフラボン,90,F01|F03|F04|F05|F12|F13|F19|F27,100,"葛の花抽出物、サケ鼻軟骨抽出物 / 葛の花抽出物、バナバ葉抽出物 / ラクトフェリン（乳由来）
葛の花抽出物"
ING-0015,ラフマ由来イソクエルシトリン,ラフマイソクエルシトリン,88,F01|F05|F07|F08|F09|F10|F11|F12|F13|F14|F15|F20|F23|F28,100,"ラフマ葉抽出物、ＧＡＢＡ / 殺菌植物性乳酸菌末（殺菌植物性乳酸菌、デキストリン）、ラフマ葉抽出物 / ラフマ由来ヒペロシド、ラフマ由来イソクエルシトリン：ラフマ葉抽出物
GABA：大麦乳酸発酵液ギャバ"
ING-0016,ラフマ由来ヒペロシド,ラフマヒペロシド,87,F01|F05|F07|F08|F09|F10|F11|F12|F13|F14|F15|F20|F23|F28,100,"ラフマ葉抽出物、ＧＡＢＡ / 殺菌植物性乳酸菌末（殺菌植物性乳酸菌、デキストリン）、ラフマ葉抽出物 / ラフマ由来ヒペロシド、ラフマ由来イソクエルシトリン：ラフマ葉抽出物
GABA：大麦乳酸発酵液ギャバ"
ING-0017,プラズマ乳酸菌,乳酸菌・プロバイオティクス,75,F09|F10|F11|F14|F15|F16|F20,100,"乳酸菌（殺菌）粉末 / 【プラズマ乳酸菌（L. lactis strain Plasma）】
乳酸菌殺菌乾燥粉末

【GABA】
GABA / 乳酸菌末、セラミド含有米胚芽抽出物"
ING-0018,植物性乳酸菌K-1,乳酸菌・プロバイオティクス,75,F01|F02|F03|F04|F05|F07|F08|F09|F10|F11|F14|F15|F19|F20|F26,100,植物性乳酸菌粉末（植物性乳酸菌（殺菌）、デキストリン） / 殺菌植物性乳酸菌末（殺菌植物性乳酸菌、デキストリン）、ラフマ葉抽出物 / ブラックジンジャー抽出物（ブラックジンジャーエキス、デキストリン）、ターミナリアベリリカ抽出物、植物性乳酸菌粉末（植物性乳酸菌（殺菌）、デキストリン）
ING-0019,サラシア由来サラシノール,サラシアサラシノール,75,F01|F02|F03|F04|F05|F06|F10|F11|F15|F17|F19,100,"GABA（機能性関与成分：GABA）
サラシアエキス末（機能性関与成分：サラシノール） / ブラックジンジャーエキス末（ブラックジンジャーエキス、デキストリン）、サラシアエキス末 / サラシア抽出物（国内製造）、バナバ葉抽出物（デキストリン、バナバエキス）（インド製造）、大麦乳酸発酵液ギャバ"
ING-0020,クエン酸,クエン酸,73,F03|F05|F10|F11|F19,100,果実（梅＜和歌山県産＞、レモン）、梅抽出液 / かぼす / クエン酸
ING-0021,ターミナリアベリリカ由来没食子酸,ターミナリアベリリカ没食子酸,72,F01|F02|F03|F04|F05|F06|F09|F10|F11|F15|F19|F20|F22|F27,100,ターミナリアベリリカ抽出物、有胞子性乳酸菌末、GABA（γ-アミノ酪酸） / ターミナリアベリリカ抽出物 / ブラックジンジャー抽出物（ブラックジンジャーエキス、デキストリン）、ターミナリアベリリカ抽出物、植物性乳酸菌粉末（植物性乳酸菌（殺菌）、デキストリン）
ING-0022,ローズヒップ由来ティリロサイド,ローズヒップティリロサイド,71,F01|F02|F04|F05|F20,99,"米黒酢（国内製造）、ローズヒップエキス末 / 【桑の葉由来イミノシュガー】
桑葉末
【ローズヒップ由来ティリロサイド】
ローズヒップエキス末（ローズヒップエキス、デキストリン）
【有胞子性乳酸菌（Bacillus coagulans SANK70258）】
有胞子性乳酸菌（有胞子性乳酸菌、乳糖） / ローズヒップエキス末（機能性関与成分：ローズヒップ由来ティリロサイド）、糖転移ヘスペリジン（機能性関与成分：モノグルコシルヘスペリジン）"
ING-0023,大豆イソフラボン,大豆イソフラボン,68,F01|F03|F05|F09|F10|F11|F12|F13|F15|F18|F19|F24|F27|F28,98,黒大豆 / 煎り大豆（黄大豆、黒大豆、青大豆、紅大豆） / ラフマ葉抽出物、大豆抽出物
ING-0024,ルテイン・ゼアキサンチン,ルテイン,68,F03|F07|F08|F09|F10|F11|F14|F15|F16|F17|F19|F20,98,"ビルベリー由来アントシアニン：ビルベリーエキス
ルテイン：マリーゴールド色素
ゼアキサンチン：マリーゴールド色素 / ビルベリー抽出物、マリーゴールド色素 / ルテイン：マリーゴールド色素
ゼアキサンチン：マリーゴールド色素"
ING-0025,3-(4-ヒドロキシ-3-メトキシフェニル)プロピオン酸,3-(4-ヒドロキシ-3-メト,68,F01|F02|F03|F04|F05|F06|F07|F10|F11|F15|F19|F20,98,ブラックジンジャー抽出物（ブラックジンジャーエキス、デキストリン）、米ぬか発酵物（デキストリン、米ぬか発酵物） / 米ぬか発酵物（デキストリン、米ぬか発酵物）、植物性乳酸菌（殺菌）（植物性乳酸菌、デキストリン） / 米ぬか発酵物（デキストリン、米ぬか発酵物）、有胞子性乳酸菌末（乳糖、有胞子性乳酸菌）
ING-0026,茶カテキン,緑茶カテキン,67,F01|F02|F04|F05|F07|F08,98,緑茶(国産)、緑茶抽出物 / 緑茶(静岡県産) / 緑茶エキス粉末
ING-0027,酢酸,醸造酢,65,F01|F02|F03|F04|F05|F11|F16|F19,97,食酢（醸造酢（国内製造）、りんご酢）、スパイス酢 / 玄米 / 米酢
ING-0028,イチョウ葉由来フラボノイド配糖体,イチョウ葉,64,F03|F07|F08|F09|F10|F11|F13|F14|F19|F20,97,"GABA、イチョウ葉抽出物、マリーゴールド色素 / 【グルコサミン塩酸塩】
グルコサミン
【ブラックジンジャー由来ポリメトキシフラボン】
ブラックジンジャー抽出物（ブラックジンジャーエキス、デキストリン）
【イチョウ葉由来フラボノイド配糖体及びイチョウ葉由来テルペンラクトン】
イチョウ葉抽出物 / イチョウ葉エキス"
ING-0029,イチョウ葉由来テルペンラクトン,イチョウ葉,64,F03|F07|F08|F09|F10|F11|F13|F14|F19|F20,97,"GABA、イチョウ葉抽出物、マリーゴールド色素 / 【グルコサミン塩酸塩】
グルコサミン
【ブラックジンジャー由来ポリメトキシフラボン】
ブラックジンジャー抽出物（ブラックジンジャーエキス、デキストリン）
【イチョウ葉由来フラボノイド配糖体及びイチョウ葉由来テルペンラクトン】
イチョウ葉抽出物 / イチョウ葉エキス"
ING-0030,イソマルトデキストリン(食物繊維),食物繊維,63,F01|F02|F03|F04|F05|F06,96,"機能性関与成分：イソマルトデキストリン（食物繊維）　原材料名：イソマルトデキストリン
機能性関与成分：GABA　原材料名：大麦乳酸発酵液ギャバ / イソマルトデキストリン（水溶性食物繊維）、有胞子性乳酸菌末、γ-アミノ酪酸 / イソマルトデキストリン（国内製造）、茶花エキス"
ING-0031,ビルベリー由来アントシアニン,ブルーベリー,61,F07|F08|F09|F10|F11|F14|F15|F20,96,"ビルベリー由来アントシアニン：ビルベリーエキス
ルテイン：マリーゴールド色素
ゼアキサンチン：マリーゴールド色素 / ビルベリーエキス末 / ビルベリー抽出物、マリーゴールド色素"
ING-0032,中鎖脂肪酸(オクタン酸、デカン酸),中鎖脂肪酸(オクタン酸、デカン,60,F04|F05|F11|F19,95,中鎖脂肪酸 / 中鎖脂肪酸含有粉末油脂 / ＭＣＴ（中鎖脂肪酸油）
ING-0033,ビフィズス菌BB536,乳酸菌・プロバイオティクス,59,F01|F05|F11|F12|F15|F16|F19|F20|F24|F26,95,"ビフィズス菌末
ミルクオリゴ糖（ラクチュロース） / ビフィズス菌末(澱粉、ビフィズス菌乾燥原末) / ビフィズス菌BB536スターター
・この原材料は、発酵に用いるビフィズス菌BB536スターター（種菌）です。
・このスターターを用いて発酵させることで、当該製品中に機能性関与成分であるビフィズス菌BB536が摂取目安量当たり２０億個含まれるように製品設計されています。なお、発酵乳乳酸菌飲料公正取引協議会が発行している「発酵乳・乳酸菌飲料の表示に関する公正競争規約とその解説（2022年11月改訂）に"
ING-0034,DHA・EPA,魚油（DHA・EPA）,59,F03|F04|F06|F07|F08|F20,95,DHA・EPA含有精製魚油 / DHA含有精製魚油 / 精製魚油、イカ抽出油
ING-0035,パイナップル由来グルコシルセラミド,セラミド,57,F01|F05|F09|F10|F11|F14|F15|F17|F20,94,GABA、パイナップル果実エキス / パイナップル果実エキス末（セラミド含有） / パイナップル果実抽出物（セラミド含有）
ING-0036,カツオ由来エラスチンペプチド,カツオエラスチンペプチド,57,F03|F04|F05|F06|F10|F11|F12|F13|F14|F15|F17|F20|F27,94,カツオ由来エラスチンペプチド / エラスチンペプチド（カツオ由来） / 葛の花抽出物、GABA、カツオ由来エラスチンペプチド
ING-0037,バナバ葉由来コロソリン酸,バナバ葉コロソリン酸,55,F01|F02|F03|F04|F05|F06|F09|F10|F11|F13|F14|F17|F19|F21|F22,93,ブラックジンジャー抽出物（ブラックジンジャーエキス、デキストリン）、茶花エキス末（マルトデキストリン、茶花抽出物）、バナバエキス、有胞子性乳酸菌 / 大麦乳酸発酵液ギャバ、バナバ葉エキス末 / 葛の花抽出物、バナバ葉抽出物
ING-0038,L-テアニン,テアニン,55,F01|F03|F07|F09|F10|F11|F14|F17,93,L－テアニン / L-テアニン、緑茶（国産） / 緑茶（国産）
ING-0039,ルテオリン,ルテオリン,53,F02|F03|F04|F05|F06|F09|F10|F11|F14|F17|F21|F22|F26,93,菊の花エキス末（菊の花エキス、澱粉分解物） / 菊の花エキス末（菊の花抽出物、デキストリン）（国内製造） / シソエキス粉末（デキストリン、シソ抽出物）、菊の花エキス
ING-0040,DHA,魚油（DHA・EPA）,53,F03|F04|F07|F08|F09|F10|F11|F14|F15|F17|F19|F20,93,"DHA・EPA含有精製魚油 / DHA含有精製魚油 / 機能性関与成分DHA、EPA：DHA･EPA含有精製魚油
機能性関与成分ARA（アラキドン酸）：ARA含有食用油脂
機能性関与成分ルテイン、ゼアキサンチン：マリーゴールド色素"
ING-0041,スルフォラファングルコシノレート,スルフォラファン,51,F01|F02|F03|F04|F05|F06|F07|F09|F10|F11|F14|F15|F17|F21|F22,92,"【スルフォラファングルコシノレート】
ブロッコリー種子エキス粉末（ブロッコリー種子エキス、マルトデキストリン）
【チャカサポニン】
茶花エキス末（マルトデキストリン、茶花抽出物） / ブロッコリー種子抽出物（ブロッコリー種子抽出物、デキストリン）、γ-アミノ酪酸 (GABA) / 【スルフォラファングルコシノレート】ケール種子エキス末、【GABA】GABA、【オリーブ由来ヒドロキシチロソール】オリーブ葉エキス末"
ING-0042,酢酸菌GK-1,醸造酢,50,F01|F03|F05|F07|F09|F10|F11|F14|F15|F16|F17|F19|F26,91,"酢酸菌加工品、還元型コエンザイムQ10 / 酢酸菌加工品
ギャバパウダー / 酢酸菌加工品(マルチトール、酢酸菌加工品）"
ING-0043,EPA,魚油（DHA・EPA）,49,F03|F04|F07|F08|F09|F10|F11|F13|F14|F15|F17|F19|F20,91,"DHA・EPA含有精製魚油 / DHA含有精製魚油 / 機能性関与成分DHA、EPA：DHA･EPA含有精製魚油
機能性関与成分ARA（アラキドン酸）：ARA含有食用油脂
機能性関与成分ルテイン、ゼアキサンチン：マリーゴールド色素"
ING-0044,グルコサミン塩酸塩,グルコサミン,48,F05|F07|F08|F12|F13|F15|F19,90,"機能性関与成分グルコサミン塩酸塩：グルコサミン
機能性関与成分サケ軟骨由来コンドロイチン硫酸：サケ軟骨抽出物
機能性関与成分ヒアルロン酸Na：ヒアルロン酸 / 【グルコサミン塩酸塩】
グルコサミン
【ブラックジンジャー由来ポリメトキシフラボン】
ブラックジンジャー抽出物（ブラックジンジャーエキス、デキストリン）
【イチョウ葉由来フラボノイド配糖体及びイチョウ葉由来テルペンラクトン】
イチョウ葉抽出物 / グルコサミン（えび・かに由来）"
ING-0045,コラーゲンペプチド,コラーゲン,46,F09|F12|F13|F15|F19|F28,89,"コラーゲンペプチド(ゼラチンを含む)(ドイツ製造)、Ｎ-アセチルグルコサミン / 【機能性関与成分：コラーゲンペプチド】コラーゲンペプチド
【機能性関与成分：こんにゃく由来グルコシルセラミド】こんにゃく芋エキス加工品 / 加水分解コラーゲン 　魚鱗由来"
ING-0046,3- (4-ヒドロキシ-3-メトキシフェニル) プロピオン酸,3- (4-ヒドロキシ-3-メ,45,F01|F02|F03|F04|F05|F06|F07|F09|F10|F11|F14|F19,89,"【有胞子性乳酸菌（Heyndrickxia coagulans SANK70258）】
有胞子性乳酸菌
【3-(4-ヒドロキシ-3-メトキシフェニル)プロピオン酸 (HMPA) 】
米ぬか発酵物 / 米ぬか発酵物、γ-アミノ酪酸 / 米ぬか発酵物（デキストリン、米ぬか発酵物）、茶花エキス末（マルトデキストリン、茶花エキス）、大麦乳酸発酵液ギャバ"
ING-0047,オリーブ由来ヒドロキシチロソール,オリーブ由来成分,44,F02|F03|F04|F05|F06|F09|F10|F11|F12|F13|F14|F15|F17|F20|F21|F22|F27,88,大麦乳酸発酵液ギャバ、オリーブエキス末 / オリーブエキス（デキストリン、オリーブエキス） / 【スルフォラファングルコシノレート】ケール種子エキス末、【GABA】GABA、【オリーブ由来ヒドロキシチロソール】オリーブ葉エキス末
ING-0048,ガレート型カテキン,緑茶カテキン,44,F01|F02|F03|F04|F05|F06|F07|F08|F09|F10|F11|F14|F15|F17|F22,88,"【ガレート型カテキン】
緑茶抽出物
【バナバ葉由来コロソリン酸】
バナバエキス
【有胞子性乳酸菌（Weizmannia coagulans SANK70258）】
有胞子性乳酸菌 / 茶（緑茶・抹茶）、緑茶抽出物 / 緑茶抽出物、植物性乳酸菌末（植物性乳酸菌（殺菌）、デキストリン）"
ING-0049,クロセチン,クロセチン,43,F01|F03|F09|F10|F11|F14|F15,88,殺菌乳酸菌粉末、クチナシ / ラフマエキス、クチナシ色素 / 乳酸菌末(乳成分を含む)、trans-レスベラトロール、クチナシ
ING-0050,チャカサポニン,チャカサポニン,41,F01|F02|F03|F04|F05|F06|F09|F10|F11|F14|F19|F20|F21|F27,87,"ブラックジンジャー抽出物（ブラックジンジャーエキス、デキストリン）、茶花エキス末（マルトデキストリン、茶花抽出物）、バナバエキス、有胞子性乳酸菌 / 【スルフォラファングルコシノレート】
ブロッコリー種子エキス粉末（ブロッコリー種子エキス、マルトデキストリン）
【チャカサポニン】
茶花エキス末（マルトデキストリン、茶花抽出物） / 茶花乾燥エキス（マルトデキストリン、茶花エキス）"
ING-0051,米由来グルコシルセラミド,セラミド,40,F09|F10|F11|F12|F13|F14|F15|F16|F17|F20|F28,86,"米胚芽抽出物 / 機能性関与成分サケ鼻軟骨由来Ⅱ型コラーゲン、サケ鼻軟骨由来プロテオグリカン：サケ鼻軟骨抽出物
機能性関与成分米由来グルコシルセラミド：米胚芽抽出物末 / 乳酸菌末、セラミド含有米胚芽抽出物"
ING-0052,イチョウ葉由来フラボノイド配糖体及びイチョウ葉由来テルペンラクトン,イチョウ葉,39,F02|F04|F05|F07|F08|F09|F10|F11|F13|F14|F15|F19|F20,86,乾燥ごぼう、イチョウ葉抽出物 / ブラックジンジャー抽出物、ヒハツ抽出物、イチョウ葉抽出物、米ぬか発酵物 / イチョウ葉エキス
ING-0053,EPA・DHA,魚油（DHA・EPA）,38,F02|F03|F04|F06|F07|F08|F11|F13|F14|F17|F20,85,ＥＰＡ・ＤＨＡ含有精製魚油 / ＤＨＡ・ＥＰＡ含有精製マグロ油 / クリルオイル（オキアミ抽出物）
ING-0054,桑の葉由来イミノシュガー,桑の葉イミノシュガー,37,F01|F02|F03|F04|F05|F07|F09|F10|F11|F14|F15,84,"桑葉抽出物（桑葉エキス、デキストリン）、ブラックジンジャー抽出物（ブラックジンジャーエキス、デキストリン） / 【桑の葉由来イミノシュガー】
桑葉エキス末
【ブラックジンジャー由来ポリメトキシフラボン】
ブラックジンジャー抽出物（ブラックジンジャーエキス、デキストリン） / 桑の葉エキス末、大麦乳酸発酵液ギャバ"
ING-0055,モノグルコシルヘスペリジン,モノグルコシルヘスペリジン,36,F01|F03|F04|F05|F07|F08|F11|F14|F15|F16|F20,84,"酵素処理ルチン
酵素処理ヘスペリジン / 酵素処理ヘスペリジン、植物性乳酸菌（死菌）末 / ローズヒップエキス末（機能性関与成分：ローズヒップ由来ティリロサイド）、糖転移ヘスペリジン（機能性関与成分：モノグルコシルヘスペリジン）"
ING-0056,非変性II型コラーゲン,コラーゲン,35,F05|F09|F12|F13|F19,83,鶏軟骨抽出物(非変性Ⅱ型コラーゲン含有) / 鶏軟骨抽出物、ブラックジンジャー抽出物 / 鶏軟骨抽出物（非変性Ⅱ型コラーゲン含有）、ブラックジンジャー抽出物（ブラックジンジャーエキス、デキストリン）（国内製造）
ING-0057,エピガロカテキンガレート,緑茶カテキン,35,F01|F02|F04|F05|F14|F23,83,茶 / 緑茶 / 難消化性デキストリン、サラシア濃縮エキス、海藻抽出物、緑茶抽出物、酵素処理ルチン
ING-0058,γ-アミノ酪酸,γ-アミノ酪酸,34,F01|F02|F03|F04|F05|F06|F09|F10|F11|F14|F17|F21|F26,82,ターミナリアベリリカ抽出物、有胞子性乳酸菌末、GABA（γ-アミノ酪酸） / ブラックジンジャーエキス、GABA含有大麦乳酸発酵エキス / γ-アミノ酪酸、ブラックジンジャー抽出物（ブラックジンジャー抽出物、デキストリン）
ING-0059,イチョウ葉フラボノイド配糖体,イチョウ葉,34,F07|F08|F11|F14|F16|F20,82,"イチョウ葉エキス / マリーゴールドエキス末(マリーゴールドエキス、デキストリン、コーヒー豆エキス)
銀杏葉エキス末 / イチョウ葉エキス末
（機能性関与成分：イチョウ葉フラボノイド配糖体、イチョウ葉テルペンラクトン）"
ING-0060,イチョウ葉テルペンラクトン,イチョウ葉,33,F07|F08|F14|F16|F20,82,"イチョウ葉エキス / マリーゴールドエキス末(マリーゴールドエキス、デキストリン、コーヒー豆エキス)
銀杏葉エキス末 / イチョウ葉エキス末
（機能性関与成分：イチョウ葉フラボノイド配糖体、イチョウ葉テルペンラクトン）"
ING-0061,α-リノレン酸,α-リノレン酸,33,F03|F05|F06|F07|F15,82,食用油脂 / 食用アマニ油 / 食用えごま油
ING-0062,アルロース,アルロース,32,F01|F02|F05|F12|F15|F19,81,大麦粉（はだか麦）、希少糖（アルロース） / アルロース、植物性乳酸菌末(殺菌) / アルロース（メキシコ製造）
ING-0063,サケ鼻軟骨由来非変性II型コラーゲン,コラーゲン,30,F05|F09|F10|F12|F13|F14|F15|F19|F20,80,N-アセチルグルコサミン（えび・かにを含む）（国内製造）、ヒハツ抽出物（デキストリン、ヒハツエキス）、サケ鼻軟骨抽出物 / サケ鼻軟骨エキス末 / サケ鼻軟骨抽出物
ING-0064,大麦β-グルカン,β-グルカン,30,F01|F02|F05|F06,80,大麦粉 / もち性大麦（国産） / もち性大麦（国内産）
ING-0065,イミダゾールジペプチド,イミダゾールジペプチド,29,F03|F07|F09|F10|F11|F12|F13|F14|F15|F19|F22,79,鶏肉（山口県産） / 鶏肉（福岡県産） / L-カルノシン
ING-0066,グロビン由来バリン-バリン-チロシン-プロリン,グロビンバリン-バリン-チロシ,28,F02|F03|F04|F05,78,"ＧＡＢＡ：ＧＡＢＡ
グロビン由来バリンーバリンーチロシンープロリン：グロビンペプチド
サラシア由来サラシノール：サラシアエキス / グロビンペプチド / グロビンペプチド、ざくろエキスパウダー"
ING-0067,りんご由来プロシアニジン,りんご,27,F01|F05|F10|F15,77,リンゴ抽出物 / リンゴエキス末（中国製造） / リンゴ抽出物(中国製造)
ING-0068,アンセリン,アンセリン,27,F05|F07|F11|F13|F19|F22,77,鶏肉（福岡県産） / フィッシュペプチド（デキストリン、魚肉エキス） / フィッシュペプチド（デキストリン、フィッシュペプチド）
ING-0069,乳酸菌NY1301株,乳酸菌・プロバイオティクス,26,F01|F02|F04|F07|F09|F11|F13|F15|F16|F17,76,"酢酸菌加工品
乳酸菌NY1301株（Lactobacillus paracasei subsp.paracasei NY1301）
【乳酸菌NY1301株について】
＊この原材料は、発酵に用いる乳酸菌NY1301株（Lactobacillus paracasei subsp.paracasei NY1301）の種菌（スターター）です。
＊この種菌を用いて発酵させることで、最終製品中に機能性関与成分 / 乳製品 / N-アセチルグルコサミン、乳酸菌NY1301株

＊この原材料は、発酵に用いる乳酸菌NY1301株（Lactobacillus paracasei subsp.paracasei N"
ING-0070,松樹皮由来プロシアニジンB1及びB3,りんご,25,F02|F03|F04|F06|F09|F10|F11|F14|F15|F17|F20|F25|F27,76,ターミナリアベリリカ抽出物、松樹皮抽出物 / 松樹皮抽出物、カツオ由来エラスチンペプチド / 松樹皮抽出物、大麦乳酸発酵液ギャバ
ING-0071,グアーガム分解物(食物繊維),食物繊維,25,F01|F02|F03|F04|F05|F09|F10|F11|F16,76,"殺菌乳酸菌末
グアーガム分解物 / グアーガム分解物、緑茶加工品 / 食物繊維（グアーガム分解物）"
ING-0072,リコピン,リコピン,24,F03|F06|F10|F11|F15|F17,75,"リコピン：トマト（高リコピントマト10％）
GABA：トマト（高リコピントマト10％） / 着色料（カロチノイド） / マンゴスチンエキス末、トマト色素"
ING-0073,難消化性デキストリン,食物繊維,24,F01|F02|F04|F05,75,難消化性デキストリン(食物繊維として)、ガラクトオリゴ糖液糖 / 醸造酢、難消化性デキストリン / 難消化性デキストリン、醸造酢
ING-0074,モリンガ種子由来グルコモリンギン,モリンガ種子グルコモリンギン,23,F04|F05|F09|F11|F12|F13|F19,74,モリンガ種子エキス末（デキストリン、モリンガ種子エキス） / モリンガエキスパウダー / モリンガエキス末、ブラックジンジャーエキス末、サケ鼻軟骨抽出物
ING-0075,S-アリルシステイン,S-アリルシステイン,23,F03|F07|F08|F09|F10|F11|F14|F15|F16|F19|F26|F28,74,発酵にんにくエキス末（国内製造） / SAC含有ニンニクエキス末、サフランエキス末 / SAC含有ニンニクエキス末
ING-0076,ヒドロキシクエン酸,ガルシニア,23,F02|F04|F05|F11|F15|F19|F20,74,"【ヒドロキシクエン酸（HCA）】
ガルシニアエキス末
【ブラックジンジャー由来ポリメトキシフラボン】
ブラックジンジャー抽出物（ブラックジンジャー、デキストリン）
【サラシア由来サラシノール】
サラシアエキス末 / ガルシニアカンボジア抽出物、クレアチンモノハイドレート / 【ヒドロキシクエン酸（HCA）】
ガルシニアエキス末
【ブラックジンジャー由来ポリメトキシフラボン】
ブラックジンジャー抽出物（ブラックジンジャー、デキストリン）"
ING-0077,難消化性デキストリン (食物繊維),食物繊維,22,F01|F02|F03|F04|F05,73,水溶性食物繊維（難消化性デキストリン） / 難消化性デキストリン / 難消化性デキストリン、茶花抽出物
ING-0078,納豆菌由来ナットウキナーゼ,ナットウキナーゼ,22,F03|F04|F05|F06|F07|F08|F10|F13|F17|F20|F27,73,納豆菌培養エキス末（難消化性デキストリン、納豆菌培養エキス末、大豆タンパク） / ナットウキナーゼ含有納豆菌培養エキス、EPA・DHA含有精製魚油 / ナットウキナーゼ含有納豆菌培養エキス末
ING-0079,マルトビオン酸Ca,マルトビオン酸Ca,21,F01|F12|F15|F24,72,オリゴ糖酸カルシウム（マルトビオン酸カルシウム含有） / マルトビオン酸Ca含有粉飴、大麦若葉末 / マルトビオン酸Ca含有粉飴
ING-0080,ロダンテノンB,ロダンテノンB,20,F06|F10|F14|F15|F17,71,"【ロダンテノンB】
マンゴスチンエキス末

【オリーブ由来ヒドロキシチロソール】
オリーブ葉エキス末 / マンゴスチンエキス末、トマト色素 / マンゴスチンエキス末（マンゴスチンエキス、デキストリン）"
ING-0081,クルクミン,ウコン,20,F04|F05|F07|F08|F09|F11|F12|F13|F19|F21,71,"ウコンエキス末、秋ウコン粉末 / 混合ハーブエキス末（タマリンド種子抽出物、ウコン抽出物） / 秋ウコンエキス（機能性関与成分：ビサクロン、クルクミン）
ウコン色素（機能性関与成分：クルクミン）
ブラックジンジャー抽出物（機能性関与成分：ブラックジンジャー由来ポリメトキシフラボン）"
ING-0082,こんにゃく由来グルコシルセラミド,セラミド,20,F09|F10|F11|F12|F13|F15|F17,71,"こんにゃく粉、こんにゃく芋粉抽出物 / 【機能性関与成分：コラーゲンペプチド】コラーゲンペプチド
【機能性関与成分：こんにゃく由来グルコシルセラミド】こんにゃく芋エキス加工品 / こんにゃく芋紛抽出物"
ING-0083,ラクチュロース,ラクチュロース,19,F01|F05|F12|F13|F15,70,"ラフィノース、ミルクオリゴ糖、フラクトオリゴ糖、イソマルトオリゴ糖、環状オリゴ糖 / ビフィズス菌末
ミルクオリゴ糖（ラクチュロース） / ミルクオリゴ糖、ビフィズス菌末加工食品（ビフィズス菌末、食用加工油脂）"
ING-0084,ビフィズス菌MCC1274,乳酸菌・プロバイオティクス,19,F01|F05|F07,70,"ビフィズス菌BB536スターター
・この原材料は、発酵に用いるビフィズス菌BB536スターター（種菌）です。
・このスターターを用いて発酵させることで、当該製品中に機能性関与成分であるビフィズス菌BB536が摂取目安量当たり１００億個含まれるように製品設計されています。なお、発酵乳乳酸菌飲料公正取引協議会が発行している「発酵乳・乳酸菌飲料の表示に関する公正競争規約とその解説（2022年11月改訂） / ビフィズス菌末 / ビフィズス菌乾燥粉末（でん粉、ビフィズス菌乾燥原末）"
ING-0085,インドマンゴスチン由来ガルシノール,インドマンゴスチンガルシノール,19,F02|F04|F05|F09|F10|F11|F15|F20|F21|F22|F27,70,ガルシニアインディカ抽出物 / インドマンゴスチン抽出物 / インドマンゴスチン抽出物、γ-アミノ酪酸（GABA）
ING-0086,レモン由来モノグルコシルヘスペリジン,レモンモノグルコシルヘスペリジ,19,F04|F05|F10|F11|F15|F19|F20|F22,70,"アフリカマンゴノキエキス(米国製造)、ヒハツ抽出
物(デキストリン、ヒハツエキス)、ブラックジンジャー抽出物
（ブラックジンジャーエキス、デキストリン）、酵素処理ヘスペリジン / ギャバ(国内製造)、ニンニクエキス末、酵素処理ヘスペリジン / ヘスペリジン"
ING-0087,鶏由来プラズマローゲン,鶏プラズマローゲン,18,F07|F08,68,鶏ムネ肉抽出物 / 鶏ムネ肉抽出物（鶏肉・卵を含む） / 鶏ムネ肉エキス末
ING-0088,ヒアルロン酸Na,ヒアルロン酸,18,F09|F12|F13|F14|F15|F19,68,"機能性関与成分グルコサミン塩酸塩：グルコサミン
機能性関与成分サケ軟骨由来コンドロイチン硫酸：サケ軟骨抽出物
機能性関与成分ヒアルロン酸Na：ヒアルロン酸 / ヒアルロン酸Na、サケ鼻軟骨抽出物（デキストリン、サケ鼻軟骨抽出物） / ヒアルロン酸Na"
ING-0089,カルシウム ビス-3-ヒドロキシ-3-メチルブチレートモノハイドレート,カルシウム,18,F05|F12|F19,68,カルシウム ビス－３－ヒドロキシ－３－メチルブチレートモノハイドレート（ＨＭＢカルシウム） / HMBカルシウム / カルシウム ビス－３－ヒドロキシ－３－メチルブチレートモノハイドレート（HMBカルシウム）
ING-0090,バコパサポニン,バコパサポニン,17,F03|F07|F08|F09|F10|F11|F14|F15|F19|F20,67,バコパエキス(インド製造) / バコパエキス粉末 / イチョウ葉抽出物、バコパ抽出物
ING-0091,コーヒー由来クロロゲン酸類,コーヒー由来成分,17,F02|F03|F04|F05|F10|F11|F15,67,コーヒー豆、生コーヒー豆抽出物、米抽出物 / コーヒー生豆抽出物、コーヒー / 生コーヒー豆エキス末
ING-0092,グルコシルセラミド,セラミド,17,F01|F09|F11|F14|F15|F16,67,"クチナシ色素
米胚芽抽出物 / グルコシルセラミド / 米胚芽抽出物"
ING-0093,5-アミノレブリン酸リン酸塩,5-アミノレブリン酸リン酸塩,17,F02|F05|F09|F10|F11|F15|F19,67,"アミノ酸粉末（5-アミノレブリン酸リン酸塩含有）
サラシアエキス末 / アミノ酸粉末（5-アミノレブリン酸リン酸塩含有） / アミノ酸粉末（5-アミノレブリン酸リン酸塩含有）
ブラックジンジャーエキス"
ING-0094,エルゴチオネイン,エルゴチオネイン,16,F07|F08|F15|F17,66,タモギダケエキス末 / たもぎ茸濃縮エキス末（タモギタケエキス、デキストリン） / タモギタケ抽出物
ING-0095,マルトビオン酸,マルトビオン酸,16,F01|F12|F24,66,"オリゴ糖酸Ｃａ（マルトビオン酸含有）
ビフィズス菌BB536スターター
・「ビフィズス菌BB536スターター」は発酵に用いるスターター（種菌）です。このスターターを用いて発酵させることで、当該製品中に機能性関与成分であるビフィズス菌BB536が摂取目安量当たり２０億個含まれるように製品設計されています。なお、発酵乳乳酸菌飲料公正取引協議会が発行している「発酵乳・乳酸菌飲料の表示に関する公正競争規約 / ビフィズス菌BB536スターター、オリゴ糖酸Ca（マルトビオン酸含有）
・ビフィズス菌BB536スターターは発酵に用いるスターター（種菌）です。
・このスターターを用いて発酵させることで、当該製"
ING-0096,ボタンボウフウ由来クロロゲン酸,コーヒー由来成分,16,F02|F04|F05,66,ボタンボウフウ末 / ボタンボウフウ若葉末 / ボタンボウフウ粉末
ING-0097,乳酸菌YRC3780株,乳酸菌・プロバイオティクス,16,F09|F10,66,L. lactis subsp. cremoris YRC3780
ING-0098,小麦ブラン由来アラビノキシラン,小麦ブランアラビノキシラン,16,F01,66,小麦ブラン、全粒小麦 / 全粒小麦、小麦ブラン、ファイバースティック（小麦ブラン・砂糖・麦芽エキス・食塩） / 小麦ブラン
ING-0099,メチル化カテキン,緑茶カテキン,16,F14|F26,66,ほうじ茶（べにふうき） / 緑茶(べにふうき) / 緑茶（べにふうき）
ING-0100,大麦由来β-グルカン,β-グルカン,15,F02|F03,64,もち性大麦 / 大麦 (もち麦もち絹香)（国産） / 大麦（もち麦）（国産）
ING-0101,β-クリプトキサンチン,β-クリプトキサンチン,15,F03|F12,64,ウンシュウミカン / うんしゅうみかん（国産） / うんしゅうみかん
ING-0102,没食子酸,没食子酸,14,F01|F02|F03|F04|F05,63,プーアール茶エキス末 / 緑茶加工品 / 緑茶エキス
ING-0103,セイタカミロバラン果実由来没食子酸,セイタカミロバラン果実没食子酸,14,F01|F02|F04|F05|F13|F19|F22,63,セイタカミロバラン果実抽出物、バナバ葉抽出物 / セイタカミロバラン果実抽出物、有胞子性乳酸菌粉末（乳糖、有胞子性乳酸菌） / セイタカミロバラン果実抽出物、有胞子性乳酸菌末
ING-0104,L-92乳酸菌,乳酸菌・プロバイオティクス,14,F01|F10|F11|F16|F26,63,"L-92乳酸菌粉末（一括表示には「乳酸菌粉末(殺菌)」と記載） / 殺菌乳酸菌末
グアーガム分解物 / 殺菌乳酸菌粉末"
ING-0105,サフラン由来クロシン,サフランクロシン,14,F08|F09|F10|F11|F14,63,サフラン抽出物 / サフランエキス / 【サフラン由来クロシン】サフラン抽出物、【L-テアニン】L-テアニン
ING-0106,大豆由来ホスファチジルセリン,大豆イソフラボン,14,F07|F08|F20,63,ホスファチジルセリン（大豆を含む）、イチョウ葉エキス / イチョウ葉エキス、ホスファチジルセリン / ホスファチジルセリン
ING-0107,グアーガム分解物 (食物繊維),食物繊維,13,F01|F02|F07|F09|F11|F14|F15,61,食物繊維（グアーガム分解物） / グアーガム分解物
ING-0108,ビフィズス菌BifiX,乳酸菌・プロバイオティクス,13,F05,61,GCL2505原株、食物繊維（イヌリン）
ING-0109,イヌリン (食物繊維),食物繊維,13,F05,61,GCL2505原株、食物繊維（イヌリン）
ING-0110,ガラクトオリゴ糖,ガラクトオリゴ糖,13,F01|F04,61,難消化性デキストリン(食物繊維として)、ガラクトオリゴ糖液糖 / 乳酸菌 シロタ株（L．カゼイ YIT 9029）、ガラクトオリゴ糖液糖 / ガラクトオリゴ糖液糖
ING-0111,大麦若葉由来食物繊維,食物繊維,12,F01|F09|F12|F15|F24,60,マルトビオン酸Ca含有粉飴、大麦若葉末 / 有機大麦若葉末 / 大麦若葉末
ING-0112,モノグルコシルルチン,モノグルコシルルチン,12,F01|F02|F04|F05|F11|F14|F20,60,難消化性デキストリン（食物繊維）、サラシア濃縮エキス、緑茶抽出物、酵素処理ルチン / 難消化性デキストリン、サラシア濃縮エキス、海藻抽出物、緑茶抽出物、酵素処理ルチン / 酵素処理ルチン
ING-0113,乳酸菌 シロタ株,乳酸菌・プロバイオティクス,12,F01|F09|F10|F14|F16,60,乳酸菌 シロタ株（L．カゼイ YIT 9029）、ガラクトオリゴ糖液糖 / 乳酸菌 シロタ株（Ｌ．カゼイ YIT 9029） / 乳酸菌 シロタ株（L．カゼイ YIT 9029）
ING-0114,ガセリ菌CP2305株,ガセリ菌CP2305株,12,F01|F09|F10|F11|F28,60,"CP2305株乳酸菌粉末（一括表示には「乳酸菌粉末（殺菌）」と記載） / CP2305株乳酸菌粉末
（一括表示には「乳酸菌粉末（殺菌）」と記載） / 殺菌乳酸菌末"
ING-0115,ラクトフェリン,ラクトフェリン,12,F01|F05|F09|F11|F15|F16,60,ラクトフェリン、ブラックジンジャー抽出物（ブラックジンジャーエキス、デキストリン） / 乳酸菌殺菌乾燥粉末、ラクトフェリン / ラクトフェリン（乳由来）
ING-0116,テアニン,テアニン,12,F04|F05|F07|F08|F09|F10|F11,60,"テアニン
ＧＡＢＡ（γ－アミノ酪酸） / 茶 / 緑茶、抹茶、テアニン"
ING-0117,アラニン・アルギニン・フェニルアラニン混合物,アラニン・アルギニン・フェニル,12,F05,60,アラニン、アルギニン、フェニルアラニン
ING-0118,フラクトオリゴ糖,フラクトオリゴ糖,12,F01|F02|F05|F12,60,"ラフィノース、ミルクオリゴ糖、フラクトオリゴ糖、イソマルトオリゴ糖、環状オリゴ糖 / 難消化性デキストリン（食物繊維）：難消化性デキストリン
有胞子性乳酸菌(Bacillus coagulans SANK70258)：有胞子性乳酸菌粉末（乳糖、有胞子性乳酸菌）	
フラクトオリゴ糖：フラクトオリゴ糖 / フラクトオリゴ糖シロップ"
ING-0119,Lactobacillus gasseri OLL2716,乳酸菌・プロバイオティクス,12,,60,"LG21凍結乳酸菌
＊この原材料は、発酵に用いるLG21乳酸菌の種菌（原株）です。 
＊この種菌を用いて発酵させることで、当該製品中に機能性関与成分であるLG21乳酸菌が摂取目安量当たり10億個以上含まれるように製品設計されています。なお、はっ酵乳・乳酸菌飲料公正取引協議会が発行している“発酵乳・乳酸菌飲料の表示に関する公正競争規約とその解説（2019年2月改訂）”において「スターターに使用した乳"
ING-0120,サケ鼻軟骨由来II型コラーゲン,コラーゲン,11,F05|F12|F13|F15|F19,58,サケ鼻軟骨エキス末（プロテオグリカン・Ⅱ型コラーゲン含有） / サケ鼻軟骨抽出物 (国内製造) / サケ鼻軟骨抽出物
ING-0121,ユーグレナグラシリスEOD-1株由来パラミロン,ユーグレナグラシリスEOD-1,11,F11|F16,58,ユーグレナ粉末 / ユーグレナグラシリス粉末 / ユーグレナグラシリス末
ING-0122,黒大豆ポリフェノール,大豆イソフラボン,11,F09|F11|F14|F16|F17|F20,58,"黒大豆種皮抽出物 / 酢酸菌GK-1(G. hansenii GK-1)：酢酸菌加工品
黒大豆ポリフェノール：大豆種皮エキス"
ING-0123,ガセリ菌SP株,ガセリ菌SP株,11,F01|F05,58,ガセリ菌末 / フローズンDVS L. gasseri SBT-2055
ING-0124,エリオジクチオール-6-C-グルコシド,エリオジクチオール-6-C-グ,11,F09|F11|F14|F15,58,ルイボス抽出物 / ルイボス抽出物(ルイボスエキス、デキストリン) / 大麦乳酸発酵液ギャバ、ルイボス抽出物（ルイボスエキス、デキストリン）
ING-0125,イヌリン(食物繊維),食物繊維,11,F01|F02|F04|F10|F11|F15,58,チコリ根抽出末 / 食物繊維 (イヌリン) / イヌリン(食物繊維)、GABA
ING-0126,フコース,フコース,11,F01|F05,58,海藻分解物 / 海藻分解物末 / 海藻分解物（デキストリン、海藻分解物）（国内製造）
ING-0127,カゼインペプチド,カゼインペプチド,11,F02|F03|F04|F07,58,乳たんぱくペプチド / 難消化性デキストリン、乳たんぱくペプチド / 難消化性デキストリン（韓国製造）、乳たんぱくペプチド
ING-0128,GABA(ギャバ),GABA,11,F03|F09|F10|F11|F14|F15,58,"ＧＡＢＡ含有発酵液

※ヤマモリ株式会社独自の技術により、醸造過程においてＧＡＢＡ（ギャバ）を生成させたＧＡＢＡ含有発酵液を使用しています。このため、当該食品の原材料名には、ＧＡＢＡ（ギャバ）に関する内容を記載しておりません。 / ＧＡＢＡ含有発酵液 / 発酵調味料（ＧＡＢＡ含有）
＊ヤマモリ株式会社独自の技術により、醸造過程においてＧＡＢＡ（ギャバ）を生成させた発酵調味料を使用しています。"
ING-0129,リンゴ由来プロシアニジン,りんご,11,F05|F15,58,りんご
ING-0130,植物性乳酸菌K-2,乳酸菌・プロバイオティクス,10,F05|F09|F14|F15|F26,56,植物性乳酸菌粉末（植物性乳酸菌（殺菌）、デキストリン） / 植物性乳酸菌K-2（L. paracasei K71） / 植物性乳酸菌末（殺菌）
ING-0131,クロロゲン酸,コーヒー由来成分,10,F01|F05|F07|F08|F09|F11|F20,56,乾燥ごぼう、有胞子性乳酸菌、クチナシ色素 / ごぼう / 乾燥ごぼう、イチョウ葉抽出物
ING-0132,グリシン,グリシン,10,F09|F10|F11|F13|F14,56,グリシン、GABA / グリシン / セリン、アスパラギン酸ナトリウム、グルタミン酸、グリシン、アラニン、プロリン
ING-0133,サフラン由来サフラナール,サフランサフラナール,10,F08|F09|F10|F11|F14,56,サフラン抽出物 / サフランエキス / サフラン抽出エキス(サフラン抽出物、マルトデキストリン)
ING-0134,ピロロキノリンキノン二ナトリウム塩,ピロロキノリンキノン二ナトリウ,10,F07|F08|F19,56,ピロロキノリンキノン二ナトリウム塩 / ＢｉｏＰＱＱ（ピロロキノリンキノン二ナトリウム塩）
ING-0135,ホヤ由来プラズマローゲン,ホヤプラズマローゲン,10,F07|F14,56,ホヤエキス（ホヤエキス、植物油脂） / ホヤエキス（ホヤエキス、食用油脂） / ホヤエキス
ING-0136,γ-オリザノール,γ-オリザノール,10,F03|F04|F06|F15,56,玄米（国産） / 食用こめ油（米ぬか（北海道）） / 食用こめ油（国内製造）
ING-0137,乳酸菌GR-1および乳酸菌RC-14,乳酸菌・プロバイオティクス,10,F01,56,乳酸菌混合末 / 乳酸菌混合末（マルトデキストリン、ロイテリ菌末、スクロース、ラムノーサス菌末）（デンマーク製造） / 乳酸菌混合末 （マルトデキストリン、ロイテリ菌末、スクロース、ラムノーサス菌末）（デンマーク製造）
ING-0138,プーアール茶由来没食子酸,プーアール茶没食子酸,10,F02|F05,56,茶 / プーアール茶抽出物 / プーアールエキス末
ING-0139,殺菌乳酸菌EC-12株,乳酸菌・プロバイオティクス,10,F01|F12|F24,56,乳酸菌(殺菌) / オリゴ糖酸、乳酸菌（殺菌） / 乳酸菌粉末(殺菌乳酸菌、デキストリン)
ING-0140,ホタテ由来プラズマローゲン,ホタテプラズマローゲン,10,F07,56,ホタテ抽出物 / ホタテオイル（食用オリーブ油、ホタテ抽出物）
ING-0141,ケルセチン配糖体,ケルセチン,9,F01|F04|F05|F13|F19,53,"機能性関与成分ケルセチン配糖体：酵素処理ルチン
機能性関与成分乳酸菌K-1（L.casei 327）：乳酸菌 / 機能性関与成分グルコサミン塩酸塩：グルコサミン
機能性関与成分コンドロイチン硫酸：サメ軟骨抽出粉末（コンドロイチン硫酸含有）
機能性関与成分ケルセチン配糖体：酵素処理ルチン
機能性関与成分アンセリン：魚肉抽出粉末（イミダゾールペプチド含有） / フラボノイド"
ING-0142,ケルセチン,ケルセチン,9,F04|F05|F26,53,だったんそば / ケルセチン・植物レシチン / ケルセチン
ING-0143,ビフィズス菌BB-12,乳酸菌・プロバイオティクス,8,F01,51,"ビフィズス菌BB-12（B. lactis）スターター

＊この原材料は、発酵に用いるビフィズス菌BB-12（B. lactis）の種菌（スターター）です。
＊この種菌を用いて発酵させることで、最終製品中に機能性関与成分であるビフィズス菌BB-12（B. lactis）が摂取目安量当たり40億個含まれるように製品設計されています。なお、発酵乳乳酸菌飲料公正取引協議会が発行している“発酵乳・乳酸菌飲 / ビフィズス菌粉末（生菌） / ビフィズス菌BB-12（B. lactis）"
ING-0144,ライチおよびチャ由来フラバノール単量体ならびに二量体,ライチおよびチャフラバノール単,8,F03|F09|F10|F11|F14|F15|F19,51,"ライチポリフェノール加工品/チャ抽出物
（チャ抽出物は食品添加物として記載） / ライチポリフェノール加工品／チャ抽出物
（チャ抽出物は食品添加物として記載） / ライチポリフェノール加工品"
ING-0145,NMN(β-ニコチンアミドモノヌクレオチド),NMN(β-ニコチンアミドモノ,8,F09|F14|F15|F17,51,ブロッコリー由来NMN / NMN（β-ニコチンアミドモノヌクレオチド）（中国製造） / β-ニコチンアミドモノヌクレオチド(国内製造)
ING-0146,本わさび由来6-メチルスルフィニルヘキシルイソチオシアネート(6-MSITC),本わさび6-メチルスルフィニル,8,F07|F08|F19,51,本わさびエキス末 / 本わさび（国産） / 本わさびエキス末、ブラックジンジャー抽出物
ING-0147,魚由来コラーゲンペプチド,コラーゲン,8,F09|F14|F15,51,"コラーゲンペプチド（ゼラチンを含む）、γ-アミノ酪酸（ギャバ）、ヒアルロン酸 / γ-アミノ酪酸（GABA）
フィッシュコラーゲンペプチド（魚由来コラーゲンペプチド） / コラーゲンペプチド（ゼラチンを含む）"
ING-0148,ヒスチジン,ヒスチジン,8,F07|F08|F11|F19,51,ロイシン、フェニルアラニン、リジン、イソロイシン、ヒスチジン、バリン、トリプトファン / ロイシン、リジン、バリン、イソロイシン、スレオニン、フェニルアラニン、メチオニン、ヒスチジン、トリプトファン / ヒスチジン
ING-0149,赤パプリカ由来キサントフィル,赤パプリカキサントフィル,8,F01|F05|F11|F15|F17|F19,51,パプリカ色素 / パプリカ色素（機能性関与成分：赤パプリカ由来キサントフィル） / 植物性乳酸菌（殺菌）（植物性乳酸菌、ﾃﾞｷｽﾄﾘﾝ）、パプリカ色素
ING-0150,イチョウ葉フラボノイド配糖体およびイチョウ葉テルペンラクトン,イチョウ葉,8,F07|F08|F20,51,イチョウ葉抽出物 / イチョウ葉エキス末 / イチョウ葉エキス末（イチョウ葉エキス、グルコース）
ING-0151,ロスマリン酸,ローズマリー由来成分,7,F07|F08|F09|F10|F11|F14|F26,48,ＧＡＢＡ、ローズマリーエキス末 / ニンニクエキス末（国内製造）、GABA、ローズマリーエキス末 / GABA：GABA、ロスマリン酸：ローズマリーエキス
ING-0152,トウビシ果皮由来ポリフェノール,ブドウ由来成分,7,F03|F09|F10|F11|F14|F19,48,GABA、トウビシ果皮抽出エキス末（トウビシ果皮抽出エキス、デキストリン） / トウビシ果皮抽出エキス末、大麦乳酸発酵液ギャバ末 / トウビシ果皮抽出エキス末
ING-0153,桑葉由来イミノシュガー,桑葉イミノシュガー,7,F01|F02|F03|F04|F05|F09|F10|F11|F14|F19,48,"桑葉粉末 / 有胞子性乳酸菌
桑葉末（桑葉（国産）） / 植物性乳酸菌末（殺菌）、桑葉末（桑葉（国産））、GABA"
ING-0154,コンドロイチン硫酸,コンドロイチン,7,F13|F19,48,"機能性関与成分グルコサミン塩酸塩：グルコサミン
機能性関与成分コンドロイチン硫酸：サメ軟骨抽出粉末（コンドロイチン硫酸含有）
機能性関与成分ケルセチン配糖体：酵素処理ルチン
機能性関与成分アンセリン：魚肉抽出粉末（イミダゾールペプチド含有） / コラーゲンペプチド：コラーゲンペプチド（ゼラチンを含む）（国内製造）
コンドロイチン硫酸：コンドロイチン硫酸含有ムコ多糖たんぱく（豚肉を含む）
ヒアルロン酸：ヒアルロン酸 / 機能性関与成分グルコサミン塩酸塩：グルコサミン
機能性関与成分コンドロイチン硫酸：豚軟骨抽出粉末（コンドロイチン硫酸含有）
機能性関与成分ケルセチン配糖体：酵素処理ルチン
機能性"
ING-0155,松樹皮由来プロシアニジン,りんご,7,F03|F06|F09|F11,48,ギャバ含有乳酸菌発酵抽出物（デキストリン、乳酸菌発酵抽出物）、松樹皮抽出物 / 松樹皮抽出物 / フランス海岸松樹皮抽出物
ING-0156,ジンセノサイドRg1,高麗人参,7,F02|F06|F07|F17|F19,48,三七人参サポニン濃縮エキス末 / 紅参濃縮液 / 有機田七人参
ING-0157,バタフライピー由来アントシアニン(テルナチン),ブルーベリー,7,F02|F04,48,バタフライピーパウダー / バタフライピーエキスパウダー
ING-0158,キウイ由来プロシアニジン,りんご,7,F04|F05,48,キウイエキス粉末 / キウイエキス末
ING-0159,ヒアルロン酸,ヒアルロン酸,7,F09|F13|F14|F15,48,"ヒアルロン酸 / コラーゲンペプチド：コラーゲンペプチド（ゼラチンを含む）（国内製造）
コンドロイチン硫酸：コンドロイチン硫酸含有ムコ多糖たんぱく（豚肉を含む）
ヒアルロン酸：ヒアルロン酸 / コラーゲンペプチド（ゼラチンを含む）、γ-アミノ酪酸（ギャバ）、ヒアルロン酸"
ING-0160,有胞子性乳酸菌 lilac-01,乳酸菌・プロバイオティクス,7,F01,48,有胞子性乳酸菌末（オカラ粉末、大豆発酵物、グルコース、有胞子性乳酸菌） / 有胞子性乳酸菌末（オカラ粉末、グルコース、有胞子性乳酸菌） / 有胞子性乳酸菌末（オカラ粉末、有胞子性乳酸菌）
ING-0161,マスリン酸,マスリン酸,6,F13|F19,45,"オリーブ果実抽出物 / ・オリーブ果実抽出粉末（マスリン酸を含む）
・N-アセチルグルコサミン（N-アセチルグルコサミンを含む） / オリーブ果実抽出粉末"
ING-0162,中鎖脂肪酸 (オクタン酸、デカン酸),中鎖脂肪酸 (オクタン酸、デカ,6,F05|F11|F19,45,中鎖脂肪酸油 / 中鎖脂肪酸含有粉末油脂（中鎖脂肪酸油、デキストリン） / ＭＣＴ(中鎖脂肪酸油)
ING-0163,熟成にんにくエキス (指標成分:S-アリルシステイン、アルギニン),熟成にんにくエキス (指標成分,6,F07|F09|F11|F17|F20,45,熟成にんにくエキス
ING-0164,イソマルトデキストリン (食物繊維),食物繊維,6,F01|F02|F04,45,イソマルトデキストリン（食物繊維） / 食物繊維 / イソマルトデキストリン
ING-0165,パプリカ由来カロテノイド,パプリカカロテノイド,6,F12|F13|F19,45,"パプリカ色素 / サケ鼻軟骨抽出物、パプリカ色素 / パプリカ色素
大豆胚芽抽出物
ブラックジンジャー抽出物"
ING-0166,ジンジャーエキス (指標成分:6-ショウガオール、6-ジンゲロール),ジンジャーエキス (指標成分:,6,F01|F08|F11|F14,45,ジンジャーエキスパウダー
ING-0167,NMN (β-ニコチンアミドモノヌクレオチド),NMN (β-ニコチンアミドモ,6,F01|F04|F05|F09|F15,45,NMN (β-ニコチンアミドモノヌクレオチド) / NMN / エラグ酸：ザクロ果皮抽出物、有胞子性乳酸菌(Heyndrickxia coagulans SANK70258)：有胞子性乳酸菌末、NMN（β-ニコチンアミドモノヌクレオチド）：β-ニコチンアミドモノヌクレオチド
ING-0168,ビフィズス菌,乳酸菌・プロバイオティクス,6,F01,45,ビフィズス菌末 (澱粉、ビフィズス菌乾燥粉末) / ビフィズス菌末 / ビフィズス菌(HN019株)
ING-0169,ビルベリー果実由来アントシアニン,ブルーベリー,6,F11|F14,45,ビルベリー果実エキス / ビルベリー果実由来アントシアニン / ビルベリーエキス末
ING-0170,ヒハツ由来ピペリン,ヒハツ,6,F01|F02|F03|F04|F27,45,"難消化性デキストリン（食物繊維）
ヒハツ由来ピペリン / ヒハツ抽出物（デキストリン、ヒハツエキス）"
ING-0171,アカシア樹皮由来プロアントシアニジン,りんご,6,F02|F03|F05,45,アカシア樹皮抽出物
ING-0172,ビフィズス菌BE80,乳酸菌・プロバイオティクス,6,F05,45,乳製品 (国内製造)、アルロース
ING-0173,キューバ産サトウキビ由来ポリコサノール,キューバ産サトウキビポリコサノ,6,F03|F06,45,サトウキビ抽出末（ポリコサノール含有）（キューバ製造） / サトウキビ抽出末（ポリコサノール含有）
ING-0174,Rg3,Rg3,6,F06|F07|F17,45,紅参濃縮液 / 高麗人参（紅参）エキス / 高麗人参（紅参）
ING-0175,ジャバラ果皮粉末エキス(指標成分:ナリルチン、クロロフィルab),ジャバラ果皮粉末エキス(指標成,6,F14|F26,45,ジャバラ果皮粉末エキス
ING-0176,植物性乳酸菌 K-1,乳酸菌・プロバイオティクス,6,F01|F02|F05|F11|F15|F17|F19,45,"植物性乳酸菌末(殺菌)

＊様式Ⅵに添付される表示見本・ラベルイメージ中では食品表示法における表示ルールに従い、原材料名「その他」として表示されます。 / 殺菌植物性乳酸菌末（殺菌植物性乳酸菌、デキストリン） / 植物性乳酸菌（殺菌）（植物性乳酸菌、ﾃﾞｷｽﾄﾘﾝ）、パプリカ色素"
ING-0177,サイリウム種皮由来の食物繊維,食物繊維,6,F01|F02|F03|F04,45,サイリウム（プランタゴ・オバタ） / サイリウム種皮粉末 / プランタゴオバタ種皮
ING-0178,HMBカルシウム(カルシウム ビス-3-ヒドロキシ-3-メチルブチレートモノハイドレート),カルシウム,6,F05|F12|F19,45,HMBカルシウム（国内製造） / HMBカルシウム、ブラックジンジャー抽出物 / HMBカルシウム（カルシウム ビス-３-ヒドロキシ-３-メチルブチレートモノハイドレート）
ING-0179,アルギン酸Ca,アルギン酸Ca,6,F02,45,アルギン酸Ca
ING-0180,メチル化カテキン(エピガロカテキン-3-O-(3-O-メチル)ガレート),緑茶カテキン,6,F14|F26,45,緑茶(べにふうき) / 煎茶（べにふうき） / 緑茶（べにふうき）
ING-0181,GABA(γ-アミノ酪酸),GABA,6,F02|F03|F04|F09|F10|F11,45,大麦乳酸発酵液ギャバ / 有機ケール（愛媛県産） / ターミナリアベリリカ抽出物、ギャバ含有乳酸菌発酵抽出物（デキストリン、乳酸菌発酵抽出物）
ING-0182,メチル化カテキン(エピガロカテキン-3-Ο-(3-Ο-メチル)ガレート),緑茶カテキン,6,F14,45,緑茶　(べにふうき) / 緑茶（べにふうき）
ING-0183,ミヤビスLB,ミヤビスLB,6,F15,45,乳酸菌 / 乳酸菌液
ING-0184,バニリン酸,バニリン酸,5,F15,42,はと麦（日本） / シイタケ培養エキス末 / はと麦（日本）、香料
ING-0185,乳酸菌GR-1,乳酸菌・プロバイオティクス,5,F12|F15|F20,42,乳酸菌混合末 / 乳酸菌混合末(マルトデキストリン、ロイテリ菌末、スクロース、ラムノーサス菌末)(デンマーク製造)、酵素処理ヘスペリジン / 乳酸菌混合末(マルトデキストリン、ロイテリ菌末、スクロース、ラムノーサス菌末)(デンマーク製造)、大豆胚芽抽出物
ING-0186,乳酸菌RC-14,乳酸菌・プロバイオティクス,5,F12|F15|F20,42,乳酸菌混合末 / 乳酸菌混合末(マルトデキストリン、ロイテリ菌末、スクロース、ラムノーサス菌末)(デンマーク製造)、酵素処理ヘスペリジン / 乳酸菌混合末(マルトデキストリン、ロイテリ菌末、スクロース、ラムノーサス菌末)(デンマーク製造)、大豆胚芽抽出物
ING-0187,コラーゲントリペプチド,コラーゲン,5,F13|F15,42,コラーゲンペプチド(ゼラチンを含む） / コラーゲンペプチド(ゼラチンを含む) / コラーゲンペプチド
ING-0188,タマリンド由来プロアントシアニジン,りんご,5,F04|F05|F11|F13|F19,42,混合ハーブエキス末（タマリンド種子抽出物、ウコン抽出物） / N-アセチルグルコサミン（国内製造）、タマリンド種子エキス末、ウコンエキス末 / 混合ハーブエキス末 ( タマリンド種子抽出物、 ウコン抽出）
ING-0189,オーランチオキトリウム由来DHA,魚油（DHA・EPA）,5,F03|F07,42,微細藻オーランチオキトリウム乾燥粉末 (国内製造) / オーランチオキトリウム精製オイル
ING-0190,カメリアサポニンB2,カメリアサポニンB2,5,F20,42,ツバキ種子エキス末 / ツバキ種子エキス
ING-0191,クマイザサ由来ホロセルロース,クマイザサホロセルロース,5,F01,42,クマイザサ粉末
ING-0192,サケ鼻軟骨由来プロテオグリカン・サケ鼻軟骨由来非変性II型コラーゲン,コラーゲン,5,F12|F13,42,サケ鼻軟骨抽出物 / N-アセチルグルコサミン、サケ鼻軟骨抽出物（プロテオグリカン、非変性Ⅱ型コラーゲンを含む） / サケ鼻軟骨抽出物、N‐アセチルグルコサミン（えび・かにを含む）
ING-0193,宮古ビデンス・ピローサ由来カフェー酸,宮古ビデンス・ピローサカフェー,5,F14|F26,42,宮古ビデンス･ピローサエキス末 / 宮古ビデンス･ピローサエキス / 宮古ビデンス・ピローサエキス末
ING-0194,レスベラトロール,ブドウ由来成分,5,F07|F11|F14,42,"trans-レスベラトロール / trans-ﾚｽﾍﾞﾗﾄﾛｰﾙ 　※ 機能性関与成分ﾚｽﾍﾞﾗﾄﾛｰﾙ
赤ブドウ葉抽出物 / 乳酸菌末(乳成分を含む)、trans-レスベラトロール、クチナシ"
ING-0195,水素分子,水素分子,5,F09|F10|F13,42,水素ガス、N-アセチルグルコサミン / 水素ガス
ING-0196,タキシフォリン,タキシフォリン,5,F07|F08|F11,42,カラマツ形成層・木部抽出物
ING-0197,ビフィズス菌B-3,乳酸菌・プロバイオティクス,5,F01|F05,42,N-アセチルグルコサミン、ビフィズス菌末、ブラックジンジャーエキス末 / ミルクオリゴ糖、ビフィズス菌末加工食品（ビフィズス菌末、食用加工油脂） / ビフィズス菌末（澱粉、ビフィズス菌乾燥原末）
ING-0198,リジン,リジン,5,F07|F08|F19,42,ロイシン、フェニルアラニン、リジン、イソロイシン、ヒスチジン、バリン、トリプトファン / ロイシン、リジン、バリン、イソロイシン、スレオニン、フェニルアラニン、メチオニン、ヒスチジン、トリプトファン
ING-0199,バリン,バリン,5,F07|F08|F19,42,ロイシン、フェニルアラニン、リジン、イソロイシン、ヒスチジン、バリン、トリプトファン / ロイシン、リジン、バリン、イソロイシン、スレオニン、フェニルアラニン、メチオニン、ヒスチジン、トリプトファン
ING-0200,イソロイシン,イソロイシン,5,F07|F08|F19,42,ロイシン、フェニルアラニン、リジン、イソロイシン、ヒスチジン、バリン、トリプトファン / ロイシン、リジン、バリン、イソロイシン、スレオニン、フェニルアラニン、メチオニン、ヒスチジン、トリプトファン
ING-0201,フェニルアラニン,フェニルアラニン,5,F07|F08|F19,42,ロイシン、フェニルアラニン、リジン、イソロイシン、ヒスチジン、バリン、トリプトファン / ロイシン、リジン、バリン、イソロイシン、スレオニン、フェニルアラニン、メチオニン、ヒスチジン、トリプトファン
ING-0202,トリプトファン〕,トリプトファン〕,5,F07|F08|F19,42,ロイシン、フェニルアラニン、リジン、イソロイシン、ヒスチジン、バリン、トリプトファン / ロイシン、リジン、バリン、イソロイシン、スレオニン、フェニルアラニン、メチオニン、ヒスチジン、トリプトファン
ING-0203,クレアチンモノハイドレート,クレアチンモノハイドレート,5,F05|F19,42,ガルシニアカンボジア抽出物、クレアチンモノハイドレート / クレアチンモノハイドレート / クレアチン
ING-0204,Rb1,Rb1,5,F06|F07|F17,42,紅参濃縮液 / 高麗人参（紅参）エキス / 高麗人参（紅参）
ING-0205,未熟温州みかんエキス(指標成分:ヘスペリジン、ナリルチン),未熟温州みかんエキス(指標成分,5,F26,42,うんしゅうみかんエキスパウダー（うんしゅうみかんエキス、デキストリン） / うんしゅうみかんエキスパウダー
ING-0206,ベータカロテン,ベータカロテン,5,F10|F15|F17,42,こんにゃく芋粉、大麦乳酸発酵液ギャバ、デュナリエラカロテン（大豆由来） / トマトリコピン、カロテノイド色素、マンゴスチン抽出物(マンゴスチン抽出物、デキストリン) / デュナリエラカロテン
ING-0207,ユーグレナグラシリス由来パラミロン,ユーグレナグラシリスパラミロン,5,F01|F09|F10|F11|F14,42,ユーグレナグラシリス粉末（国内製造） / ユーグレナグラシリス粉末 / ユーグレナグラシリス粉末、植物性乳酸菌（殺菌）
ING-0208,ナリンジン,ナリンジン,5,F02|F05,42,サラシアエキス、柑橘エキス / フルーツエキス（オレンジ、グレープフルーツ、レッドオレンジ）
ING-0209,6-ジンゲロール,6-ジンゲロール,5,,42,"生姜抽出物 / ・しょうが（国内製造），ショウガエキス末
・しょうが汁（国内製造），ショウガエキス末 / 生姜、ジンジャーエキスパウダー"
ING-0210,6-ショウガオール,6-ショウガオール,5,,42,"生姜抽出物 / ・しょうが（国内製造），ショウガエキス末
・しょうが汁（国内製造），ショウガエキス末 / 生姜、ジンジャーエキスパウダー"
ING-0211,クリルオイル由来EPA・DHA,魚油（DHA・EPA）,5,F13,42,クリルオイル（オキアミ抽出物）
ING-0212,筋骨草由来20-ヒドロキシエクジソン,筋骨草20-ヒドロキシエクジソ,4,F12|F13,37,筋骨草エキス / プロテオグリカン含有サケ鼻軟骨抽出物（デキストリン、サケ鼻軟骨抽出物）、筋骨草エキス末 / 筋骨草エキス末
ING-0213,L-カルニチン,L-カルニチン,4,F05|F19,37,L-カルニチン
ING-0214,Lactiplantibacillus plantarum SNK12株,Lactiplantibaci,4,F07|F08|F10,37,"【イチョウ葉由来フラボノイド配糖体及びイチョウ葉由来テルペンラクトン】
イチョウ葉エキス
【Lactiplantibacillus plantarum SNK12株】
乳酸菌末（デキストリン、乳酸菌（殺菌）） / 乳酸菌末（デキストリン、乳酸菌（殺菌））"
ING-0215,L. plantarum OLL2712株,L. plantarum OL,4,F02|F05,37,乳酸菌液（殺菌）
ING-0216,ショウガポリフェノール (6-ジンゲロール、6-ショウガオール),ブドウ由来成分,4,F04|F05|F06|F17,37,生姜抽出物 / ショウガ抽出エキス末 / エラグ酸：ザクロ果実エキス末、 オリーブ由来ヒドロキシチロソール：オリーブ葉エキス末、 ショウガポリフェノール (6-ジンゲロール､6-ショウガオール)：ショウガ抽出エキス
ING-0217,トマト由来食物繊維,食物繊維,4,F02|F03|F04,37,"トマト由来食物繊維：トマト
GABA：野菜（トマト、にんじん、ケール、ピーマン、メキャベツ、ほうれん草、ブロッコリー、あしたば、ビート、チンゲンサイ、小松菜、かぼちゃ、パセリ、クレソン、アスパラガス、セロリ、しょうが、とうもろこし、ごぼう、グリーンピース、紫いも、キャベツ、レタス、たまねぎ、だいこん、紫キャベツ、赤じそ、カリフラワー、なす、はくさい）、レモン果汁 / トマト由来食物繊維：トマト
GABA：トマト"
ING-0218,コーヒー豆マンノオリゴ糖,コーヒー由来成分,4,F01|F05,37,"コーヒーオリゴ糖エキス / 【版番号２１】
コーヒー豆マンノオリゴ糖ＡＧ、コーヒー濃縮液Ｍ
※「新しい原料原産地表示制度－事業者向け活用マニュアル」に基づき、表示見本における本原材料の記載は「コーヒー豆」とした。

【版番号３１】
コーヒー豆マンノオリゴ糖ＡＧ、コーヒー濃縮液Ｍ
※食品表示基準に基づき、表示見本における本原材料の記載は、一般的な名称である「コーヒーオリゴ糖エキス」「コーヒー濃縮液」とした。 / コーヒー豆マンノオリゴ糖ＡＧ、コーヒー濃縮液Ｍ
※食品表示基準に基づき、表示見本における本原材料の記載は、一般的な名称である「コーヒーオリゴ糖エキス」「コーヒー濃縮液」とした。"
ING-0219,サラシア由来ネオコタラノール,サラシアネオコタラノール,4,F02|F05,37,サラシアエキス / サラシアエキス、柑橘エキス / ブラックジンジャーエキス、サラシアエキス
ING-0220,ラクトビオン酸,ラクトビオン酸,4,F12|F15,37,大豆胚芽抽出物、乳糖発酵物
ING-0221,コーヒー豆由来クロロゲン酸類,コーヒー由来成分,4,F09|F11|F14|F15|F20,37,"コーヒー生豆抽出物 / コーヒー生豆抽出物
ギャバ含有乳酸菌発酵エキス末"
ING-0222,トルラ酵母由来食物繊維,食物繊維,4,F02|F04,37,トルラ酵母由来食物繊維 / 酵母由来食物繊維
ING-0223,α-シクロデキストリン,α-シクロデキストリン,4,F01|F02|F06,37,ラフィノース、ミルクオリゴ糖、フラクトオリゴ糖、イソマルトオリゴ糖、環状オリゴ糖 / シクロデキストリン
ING-0224,ピセアタンノール,ピセアタンノール,4,F05|F15,37,パッションフルーツ種子エキス / パッションフルーツ種子エキス末 / ピセアタンノール：パッションフルーツ種子エキス、GABA：GABA
ING-0225,キトサン,キトサン,4,F02|F04|F05|F06,37,キトサン（かに由来） / キトサン（カニ由来） / 桑の葉エキス末（桑の葉エキス、でんぷん分解物）、キトサン、茶花エキス末（茶花エキス、でんぷん分解物）、ブラックジンジャーエキス末（ブラックジンジャーエキス、でんぷん分解物）、ローズヒップエキス末（ローズヒップエキス、でんぷん分解物）、植物性乳酸菌殺菌末
ING-0226,クルクミン類,ウコン,4,F11|F13|F19,37,ウコン色素 / ターメリック色素
ING-0227,3-ヒドロキシ-3-メチル酪酸カルシウム水和物,カルシウム,4,F12|F19,37,HMBカルシウム
ING-0228,小麦由来アラビノキシラン,小麦アラビノキシラン,4,F01|F02,37,小麦ふすま / 小麦粉 / 小麦全粒粉（小麦（国産））、小麦粉
ING-0229,サケ鼻軟骨由来プロテオグリカン・サケ鼻軟骨由来II型コラーゲン,コラーゲン,4,F05|F12|F13|F19,37,サケ鼻軟骨抽出物 / 鮭鼻軟骨抽出物 / 葛の花抽出物、サケ鼻軟骨抽出物
ING-0230,ヒハツ由来ピぺリン類,ヒハツ,4,F01|F05|F09|F10|F11|F14|F15|F19|F20,37,ガルシニア抽出物、ヒハツ抽出物 / ヒハツ抽出物 / ヒハツ抽出物（デキストリン、ヒハツエキス）（国内製造）
ING-0231,スレオニン,スレオニン,4,F19,37,ロイシン、リジン、バリン、イソロイシン、スレオニン、フェニルアラニン、メチオニン、ヒスチジン、トリプトファン
ING-0232,メチオニン,メチオニン,4,F19,37,ロイシン、リジン、バリン、イソロイシン、スレオニン、フェニルアラニン、メチオニン、ヒスチジン、トリプトファン
ING-0233,桑由来モラノリン,桑モラノリン,4,F02,37,桑葉
ING-0234,イソマルトデキストリン(食物繊維) GABA,食物繊維,4,F01|F02|F03|F04,37,"イソマルトデキストリン(食物繊維)
GABA / イソマルトデキストリン（食物繊維）　GABA"
ING-0235,オレイン酸,オレイン酸,4,F06|F14,37,
ING-0236,乳酸菌CP1563株由来の10-ヒドロキシオクタデカン酸(10-HOA),乳酸菌・プロバイオティクス,4,F05,37,"CP1563株乳酸菌微細粉末
（一括表示には「乳酸菌粉末」と記載） / 殺菌乳酸菌粉末"
ING-0237,ショウガ由来ポリフェノール,ブドウ由来成分,4,,37,生姜粉末 / しょうが
ING-0238,乳糖果糖オリゴ糖,乳糖果糖オリゴ糖,4,F01|F12,37,乳糖果糖オリゴ糖顆粒 / 乳糖果糖オリゴ糖シロップ / 乳糖果糖オリゴ糖
ING-0239,乳酸菌クレモリスH61株,乳酸菌・プロバイオティクス,4,F15,37,"乳酸菌Ｈ61株（加熱処理死菌体）
（一括表示には「乳酸菌粉末（デキストリン、乳酸菌（殺菌））」と記載） / 乳酸菌H61株（加熱処理死菌体）
（一括表示には「乳酸菌末（デキストリン、乳酸菌（殺菌））」と記載 / 乳酸菌粉末（殺菌）"
ING-0240,ゲンクワニン5-O-β-プリメベロシド,ゲンクワニン5-O-β-プリメ,4,F01|F20,37,"ジンコウ葉エキス末（ジンコウ葉エキス、マルトデキストリン） / ジンコウ葉エキス末（ジンコウ葉エキス, マルトデキストリン） / ジンコウ葉エキス末（ジンコウ葉エキス、マルトデキストリン）ヒハツ抽出物（デキストリン、ヒハツエキス）"
ING-0241,マンギフェリン,マンギフェリン,4,F01|F20,37,"ジンコウ葉エキス末（ジンコウ葉エキス、マルトデキストリン） / ジンコウ葉エキス末（ジンコウ葉エキス, マルトデキストリン） / ジンコウ葉エキス末（ジンコウ葉エキス、マルトデキストリン）ヒハツ抽出物（デキストリン、ヒハツエキス）"
ING-0242,乳酸菌LS1,乳酸菌・プロバイオティクス,4,F23,37,"乳酸菌末「ラクトバシラス・サリバリウスTI2711株菌末」
（一括表示には「乳酸菌末」と記載）"
ING-0243,ビフィズス菌(ロンガム種BB536),乳酸菌・プロバイオティクス,4,F01,37,ビフィズス菌末
ING-0244,CRL1505乳酸菌,乳酸菌・プロバイオティクス,3,F09|F10|F11|F14|F16,32,殺菌乳酸菌末 / 乳酸菌末（デキストリン、乳酸菌、澱粉） / 殺菌乳酸菌末、γ-アミノ酪酸
ING-0245,コエンザイムQ10,コエンザイムQ10,3,F11,32,コエンザイムQ10
ING-0246,ビフィズス菌 BB536,乳酸菌・プロバイオティクス,3,F01|F05,32,N-アセチルグルコサミン、ビフィズス菌末、ブラックジンジャーエキス末 / ビフィズス菌乾燥粉末（澱粉、ビフィズス菌乾燥原末）（乳成分を含む）（国内製造） / ビフィズス菌粉末
ING-0247,ジヒドロカプシエイト,ジヒドロカプシエイト,3,F05|F06|F15,32,ジヒドロカプシエイト / 食用油脂
ING-0248,オリーブオイルポリフェノール,オリーブ由来成分,3,F06|F17,32,食用オリーブ油 / オリーブの実 / オリーブ果実
ING-0249,ラクトノナデカペプチド,ラクトノナデカペプチド,3,F07|F08,32,"カゼイン酵素分解物（乳成分を含む）
※表示見本原材料名では「カゼイン酵素分解物」と記載。 / カゼインペプチド"
ING-0250,パラチノース,パラチノース,3,F02|F07,32,パラチノース / パラチノース、精製魚油
ING-0251,豚由来コラーゲンペプチド,コラーゲン,3,F14|F15|F17,32,"コラーゲンペプチド（ゼラチンを含む、ベルギー製造） / ・ヘマトコッカス藻色素
・豚コラーゲンペプチド"
ING-0252,コーヒー由来トリゴネリン,コーヒー由来成分,3,F05,32,コーヒー（国内製造） / コーヒー豆（生豆生産国名:ブラジル、エチオピア）
ING-0253,緑茶フッ素,緑茶カテキン,3,F23,32,"緑茶抽出物 / 【緑茶フッ素】
チャ抽出物

【エピガロカテキンガレート（EGCg）】
緑茶抽出物 / 緑茶抽出物、抹茶"
ING-0254,セサミン類,ごま,3,F05|F09|F11|F14|F17,32,"機能性関与成分セサミン類：セサミン
機能性関与成分L-テアニン：L-テアニン / 機能性関与成分セサミン類：セサミン
機能性関与成分アスタキサンチン：ヘマトコッカス藻色素"
ING-0255,エノテインB,エノテインB,3,F05,32,ユーカリ葉エキス末
ING-0256,フロロタンニン,フロロタンニン,3,F01|F02|F04|F05|F14|F26,32,ツルアラメ乾燥粉末 / 難消化性デキストリン、サラシア濃縮エキス、海藻抽出物、緑茶抽出物、酵素処理ルチン
ING-0257,ウコンエキス(指標成分:ウコン由来多糖類、p-クマル酸),ウコン,3,F12|F13|F19,32,ウコンエキス（インド製造）、大豆抽出物（イソフラボンアグリコン含有） / ウコンエキス（インド製造）
ING-0258,CP2305ガセリ菌,CP2305ガセリ菌,3,F01|F09|F10|F11|F28,32,殺菌乳酸菌粉末、クチナシ / 殺菌乳酸菌粉末
ING-0259,β-ニコチンアミドモノヌクレオチド,β-ニコチンアミドモノヌクレオ,3,,32,β-ニコチンアミドモノヌクレオチド（NMN） / β-ニコチンアミドモノヌクレオチド
ING-0260,乳酸菌Lactococcus lactis H61,乳酸菌・プロバイオティクス,3,F10|F11|F15,32,"殺菌乳酸菌 / 乳酸菌（殺菌）末 / 乳酸菌（澱粉分解物、殺菌乳酸菌）
発酵GABA"
ING-0261,桑葉由来モラノリン,桑葉モラノリン,3,F02|F15,32,桑葉末、植物性乳酸菌(殺菌)粉末 / 桑葉粉末 / 桑葉末
ING-0262,醤油粕由来セラミドAP,セラミド,3,F15,32,醤油粕抽出物 / セラミドAP含有醤油粕抽出物
ING-0263,ロイシン40%配合必須アミノ酸〔ロイシン,ロイシン40%配合必須アミノ酸,3,F19,32,ロイシン、リジン、バリン、イソロイシン、スレオニン、フェニルアラニン、メチオニン、ヒスチジン、トリプトファン
ING-0264,ローズマリー由来ロスマリン酸,ローズマリー由来成分,3,F11|F16|F26,32,ローズマリーエキス末 / 酢酸菌加工品、ローズマリーエキス / ローズマリーエキス
ING-0265,ゲッケイジュ葉エキス(指標成分:デアセチルラウレノビオリド、コスツノリド),ゲッケイジュ葉エキス(指標成分,3,F23|F28,32,ラフマ葉抽出物、ゲッケイジュ葉エキス / ゲッケイジュ葉エキス
ING-0266,アリイン,アリイン,3,F06,32,黒ニンニク酵素分解濃縮液 / にんにく卵黄粉末
ING-0267,ショウガ由来ポリフェノール(6-ジンゲロール、6-ショウガオール),ブドウ由来成分,3,F01|F15,32,生姜汁、ショウガ抽出物 / ジンジャーエキスパウダー / ジンジャーエキス（大豆を含む）、ジンジャーエキスパウダー
ING-0268,γ-アミノ酪酸(ギャバ),GABA,3,F01|F02|F03|F04|F05|F09|F10|F11|F27,32,ラフマ抽出物、γ-アミノ酪酸（ギャバ） / アフリカマンゴノキエキス末、植物性乳酸菌末（植物性乳酸菌（殺菌）、デキストリン）、γ-アミノ酪酸（ギャバ）、バナバ葉エキス末 / エラスチンペプチド、γ-アミノ酪酸（ギャバ）
ING-0269,"ラブダン型ジテルペン類(-Labda-8(17),12-diene-15,16-dial)",ラブダン型ジテルペン類(-La,3,F13,32,"白ウコン根エキス（ラブダン型ジテルペン類（(E)-Labda-8(17),12-diene-15,16-dial）含有）"
ING-0270,枯草菌(バチルス・サブチルス)C-3102株,枯草菌(バチルス・サブチルス),3,F01|F12|F13,32,発酵大豆粉末
ING-0271,クワンソウ(アキノワスレグサ)由来オキシピナタニン,クワンソウ(アキノワスレグサ),3,F09|F11,32,クワンソウエキス、クワンソウ粉末 / アキノワスレグサ抽出物、アキノワスレグサ葉
ING-0272,L-アルギニン,L-アルギニン,3,F02|F03|F04|F06,32,Ｌ-アルギニン
ING-0273,サラシノール,サラシノール,3,F01|F02|F04|F05,32,サラシア濃縮エキス、緑茶抽出物、ギニアショウガ抽出物 / 難消化性デキストリン（食物繊維）、サラシア濃縮エキス、緑茶抽出物、酵素処理ルチン / 難消化性デキストリン、サラシア濃縮エキス、海藻抽出物、緑茶抽出物、酵素処理ルチン
ING-0274,BCAA(バリン、ロイシン、イソロイシンの総称),BCAA(バリン、ロイシン、イ,3,F11|F19,32,L-ロイシン、L-バリン、L-イソロイシン / ロイシン、イソロイシン、バリン
ING-0275,イチョウ葉フラボノイド配糖体及びイチョウ葉テルペンラクトン,イチョウ葉,3,F07|F20,32,イチョウ葉エキス / イチョウ葉抽出物 / イチョウ葉エキス末
ING-0276,Lactobacillus plantarum OLL2712株,乳酸菌・プロバイオティクス,3,F05,32,乳酸菌液（殺菌）
ING-0277,熟成ホップ由来苦味酸,熟成ホップ苦味酸,3,F05|F07|F08,32,熟成ホップエキス / バコパエキス末、熟成ホップエキス末 / 熟成ホップエキス粉末
ING-0278,イソマルトオリゴ糖,イソマルトオリゴ糖,3,F01,32,"ラフィノース、ミルクオリゴ糖、フラクトオリゴ糖、イソマルトオリゴ糖、環状オリゴ糖 / 乳酸菌Lactiplantibacillus plantarum SN13T株スターター：（機能性関与成分：Lactiplantibacillus plantarum SN13T株）
この原材料は、発酵に用いる乳酸菌Lactiplantibacillus plantarum SN13Tの種菌（原株）である。なお、はっ酵乳・乳酸菌飲料公正取引協議会が発行している“はっ酵乳・乳酸菌飲料の表示に関する公"
ING-0279,HMBカルシウム(3-ヒドロキシ-3-メチル酪酸カルシウム水和物),カルシウム,3,F12|F19,32,HMBカルシウム（3-ヒドロキシ-3-メチル酪酸水和物） / HMBカルシウム（3-ヒドロキシ-3-メチル酪酸カルシウム水和物）
ING-0280,5-ジグルコシド,5-ジグルコシド,3,F10|F11|F14|F15,32,マキベリー抽出物 / マキベリーエキス末、マリーゴールド色素 / パッションフラワー抽出物、マキベリー抽出物
ING-0281,プロシアニジンB1及びB3,りんご,3,F06|F27,32,松樹皮抽出物、緑茶（国産） / 松樹皮抽出物
ING-0282,甘草由来グラブリジン,甘草グラブリジン,3,F05|F10|F11|F17|F19,32,甘草抽出物 / 甘草エキス（甘草、食用油脂）、還元型コエンザイムQ10
ING-0283,α‐シクロデキストリン,α‐シクロデキストリン,3,F02,32,環状オリゴ糖 / シクロデキストリン
ING-0284,ナス由来コリンエステル(アセチルコリン),ナスコリンエステル(アセチルコ,3,F03,32,ナス抽出物 / ナス乾燥粉末
ING-0285,L.カゼイ菌,L.カゼイ菌,3,F01,32,"Ｌ．カゼイ菌（L.paracasei, DSM19465株）スターター
※この原材料は、発酵に使用するＬ．カゼイ菌（L.paracasei,  DSM19465株）スターターであり、この乳酸菌を使用して発酵することで、最終製品中に機能性関与成分であるＬ．カゼイ菌（L.paracasei, DSM19465株）が一日の摂取目安量あたり65億個含まれるように製品設計されています。
なお、発酵乳乳酸菌飲 / Ｌ．カゼイ菌（L.paracasei, DSM19465株）スターター
※この原材料は、発酵に使用するＬ．カゼイ菌（L.paracasei, DSM19465株）スターターであり、この乳酸菌を使"
ING-0286,カゼイ菌,カゼイ菌,3,F01,32,"カゼイ菌（L.paracasei, DSM19465株）スターター
※この原材料は、発酵に使用するカゼイ菌（L.paracasei, DSM19465株）スターターであり、この乳酸菌を使用して発酵することで、最終製品中に機能性関与成分であるカゼイ菌（L.paracasei, DSM19465株）が一日の摂取目安量あたり65億個含まれるように製品設計されています。
なお、発酵乳乳酸菌飲料公正取引協議"
ING-0287,エノキタケ由来脂肪酸(リノール酸、α-リノレン酸),エノキタケ脂肪酸(リノール酸、,3,F05,32,エノキタケ抽出物 / エノキタケ抽出物（エノキタケエキス、デキストリン）（国内製造）、ブラックジンジャー抽出物（ブラックジンジャーエキス、デキストリン）
ING-0288,ナス由来コリンエステル (アセチルコリン),ナスコリンエステル (アセチル,2,F03,25,
ING-0289,麹菌Aspergillus oryzae HJ1株,麹菌Aspergillus o,2,F01|F15,25,米麹
ING-0290,麹由来グルコシルセラミド,セラミド,2,F01|F15,25,米麹
ING-0291,乳酸菌K-1,乳酸菌・プロバイオティクス,2,F01|F05|F15,25,"機能性関与成分ケルセチン配糖体：酵素処理ルチン
機能性関与成分乳酸菌K-1（L.casei 327）：乳酸菌 / ラクトフェリン (乳由来)
殺菌乳酸菌粉末（乳酸菌、デキストリン）"
ING-0292,D-β-ヒドロキシ酪酸,D-β-ヒドロキシ酪酸,2,F05,25,発酵ケトン体 D-BHB Ca / 発酵ケトン体D-BHB
ING-0293,乳酸菌LP0132,乳酸菌・プロバイオティクス,2,F26,25,はっ酵温州みかん果汁 / 乳酸菌LP0132（Ｌ. プランタルム YIT 0132）
ING-0294,キンミズヒキ由来アグリモール類,キンミズヒキアグリモール類,2,F11,25,キンミズヒキエキス末
ING-0295,Enterococcus faecalis KH2株 (ナノ型乳酸菌nEF),乳酸菌・プロバイオティクス,2,F01|F05,25,乳酸菌末（殺菌乳酸菌、デキストリン）、ブラックジンジャーエキス末（ブラックジンジャーエキス、デキストリン） / 殺菌乳酸菌末（乳酸菌（殺菌）、デキストリン）
ING-0296,パッションフラワー由来フラボノイド,パッションフラワーフラボノイド,2,F11|F14|F15,25,パッションフラワー抽出物 / パッションフラワー抽出物、マキベリー抽出物
ING-0297,ボタンボウフウ由来プテリキシン,ボタンボウフウプテリキシン,2,F02|F05,25,ボタンボウフウ若葉末
ING-0298,GABA (ギャバ),GABA,2,F09|F10|F11|F15,25,ギャバ / GABA（γ-アミノ酪酸）
ING-0299,セサミン,ごま,2,F06,25,食用ごま油（国内製造）、ごまセサミン濃縮物 / 食用ごま油(国内製造)、食用なたね油、ごまセサミン濃縮物
ING-0300,セサモリン,セサモリン,2,F06,25,食用ごま油（国内製造）、ごまセサミン濃縮物 / 食用ごま油(国内製造)、食用なたね油、ごまセサミン濃縮物
ING-0301,システインペプチド,システインペプチド,2,F15|F17,25,システインペプチド / 酵母エキス
ING-0302,ビサクロン,ビサクロン,2,F05|F21,25,"秋ウコンエキス（機能性関与成分：ビサクロン、クルクミン）
ウコン色素（機能性関与成分：クルクミン）
ブラックジンジャー抽出物（機能性関与成分：ブラックジンジャー由来ポリメトキシフラボン） / 秋ウコンエキス（機能性関与成分：ビサクロン、クルクミン）
ウコン色素（機能性関与成分：クルクミン）"
ING-0303,ライスオリゴペプチド,ライスオリゴペプチド,2,F10|F11,25,米ペプチド
ING-0304,生姜ポリフェノール(6-ジンゲロール、6-ショウガオール),ブドウ由来成分,2,F20,25,しょうが（国産） / しょうが
ING-0305,ショウガ由来ポリフェノール (6-ジンゲロール、6-ショウガオール),ブドウ由来成分,2,,25,ショウガ抽出物 / ジンジャーエキスパウダー
ING-0306,KW乳酸菌,乳酸菌・プロバイオティクス,2,F11|F14|F26,25,"1) 2024年9月10日以降届出：乳酸菌殺菌乾燥粉末   
2) 2024年9月9日以前届出：乳酸菌乾燥殺菌粉末 / 乳酸菌殺菌乾燥粉末"
ING-0307,豚プラセンタ由来ペプチド (グリシン-ロイシン、ロイシン-グリシン),プラセンタ,2,F11|F15,25,プラセンタエキス末(豚を含む)
ING-0308,N-アセチルマンノサミン,N-アセチルマンノサミン,2,F07|F08|F11,25,N-アセチルマンノサミン
ING-0309,シソ葉由来ロスマリン酸,ローズマリー由来成分,2,F14|F22|F26,25,シソエキス粉末（デキストリン、シソ抽出物）、菊の花エキス / シソエキス粉末
ING-0310,シソ葉由来フラボノイド類,シソ葉フラボノイド類,2,F14|F22|F26,25,シソエキス粉末（デキストリン、シソ抽出物）、菊の花エキス / シソエキス粉末
ING-0311,22A-3乳酸菌,乳酸菌・プロバイオティクス,2,F05|F21,25,乳酸菌(デキストリン、還元澱粉糖化物、乳酸菌（殺菌）) / 乳酸菌（殺菌）
ING-0312,カカオポリフェノール,ブドウ由来成分,2,F01|F03|F20,25,ココアパウダー / ココアパウダー、カカオマス
ING-0313,ヘスペレチン-7-グルコシド,ヘスペレチン-7-グルコシド,2,F11|F27,25,柑橘抽出物加工品
ING-0314,桑の葉イミノシュガー,桑の葉イミノシュガー,2,F02|F04|F05,25,桑の葉エキス末（桑の葉エキス、でんぷん分解物）、キトサン、茶花エキス末（茶花エキス、でんぷん分解物）、ブラックジンジャーエキス末（ブラックジンジャーエキス、でんぷん分解物）、ローズヒップエキス末（ローズヒップエキス、でんぷん分解物）、植物性乳酸菌殺菌末 / 桑の葉エキス末（桑の葉エキス、でんぷん分解物）、キトサン、茶花エキス末（茶花エキス、でんぷん分解物）、ブラックジンジャーエキス末（ブラックジンジャーエキス、でんぷん分解物）
ING-0315,茶花サポニン,茶花サポニン,2,F02|F04|F05,25,桑の葉エキス末（桑の葉エキス、でんぷん分解物）、キトサン、茶花エキス末（茶花エキス、でんぷん分解物）、ブラックジンジャーエキス末（ブラックジンジャーエキス、でんぷん分解物）、ローズヒップエキス末（ローズヒップエキス、でんぷん分解物）、植物性乳酸菌殺菌末 / 桑の葉エキス末（桑の葉エキス、でんぷん分解物）、キトサン、茶花エキス末（茶花エキス、でんぷん分解物）、ブラックジンジャーエキス末（ブラックジンジャーエキス、でんぷん分解物）
ING-0316,鶏足酵素分解ペプチド,鶏足酵素分解ペプチド,2,F13,25,鶏足抽出物（ゼラチンを含む） / N-アセチルグルコサミン（えび・かにを含む）（国内製造）、卵黄ペプチド（卵を含む）、鶏足抽出物（ゼラチンを含む）
ING-0317,6-パラドール,6-パラドール,2,F01|F02|F05,25,サラシア濃縮エキス、緑茶抽出物、ギニアショウガ抽出物 / ギニアショウガエキス
ING-0318,パインアップル由来グルコシルセラミド,セラミド,2,F15,25,パインアップル果実抽出物
ING-0319,マルトビオン酸Ca プラズマ乳酸菌,乳酸菌・プロバイオティクス,2,F12|F16,25,"オリゴ糖酸Ca（マルトビオン酸Ca含有）
乳酸菌殺菌乾燥粉末"
ING-0320,ビフィズス菌8013株,乳酸菌・プロバイオティクス,2,F01|F04|F05|F15,25,"Bifidobacterium longum CLA8013：ビフィズス菌粉末（加熱処理）（ビフィズス菌、デキストリン）
ガレート型カテキン：緑茶抽出物 / Bifidobacterium longum CLA8013：ビフィズス菌粉末（加熱処理）（ビフィズス菌、デキストリン）
パイナップル由来グルコシルセラミド：パイナップル果実抽出物（セラミド含有）"
ING-0321,高分子紅茶ポリフェノール,ブドウ由来成分,2,F04,25,紅茶、紅茶エキスパウダー / 紅茶
ING-0322,オクラ由来水溶性食物繊維,食物繊維,2,F02,25,オクラ末
ING-0323,N‐アセチルグルコサミン,グルコサミン,2,F13,25,N-アセチルグルコサミン
ING-0324,6種アミノ酸〔セリン,6種アミノ酸〔セリン,2,F13,25,セリン、アスパラギン酸ナトリウム、グルタミン酸、グリシン、アラニン、プロリン / セリン、アスパラギン酸Na、グルタミン酸、グリシン、アラニン、プロリン
ING-0325,アスパラギン酸ナトリウム,アスパラギン酸ナトリウム,2,F13,25,セリン、アスパラギン酸ナトリウム、グルタミン酸、グリシン、アラニン、プロリン / セリン、アスパラギン酸Na、グルタミン酸、グリシン、アラニン、プロリン
ING-0326,グルタミン酸,グルタミン酸,2,F13,25,セリン、アスパラギン酸ナトリウム、グルタミン酸、グリシン、アラニン、プロリン / セリン、アスパラギン酸Na、グルタミン酸、グリシン、アラニン、プロリン
ING-0327,アラニン,アラニン,2,F13,25,セリン、アスパラギン酸ナトリウム、グルタミン酸、グリシン、アラニン、プロリン / セリン、アスパラギン酸Na、グルタミン酸、グリシン、アラニン、プロリン
ING-0328,プロリン〕,プロリン〕,2,F13,25,セリン、アスパラギン酸ナトリウム、グルタミン酸、グリシン、アラニン、プロリン / セリン、アスパラギン酸Na、グルタミン酸、グリシン、アラニン、プロリン
ING-0329,リコペロサイドH,リコペロサイドH,2,F12|F15,25,トマト種子抽出物 / 大豆抽出物、トマト種子抽出物
ING-0330,生姜由来のポリフェノール(6-ジンゲロール、6-ショウガオール),ブドウ由来成分,2,,25,生姜汁（生姜（高知県産））
ING-0331,乳酸菌WB2000,乳酸菌・プロバイオティクス,2,F11|F14,25,乳酸菌末(乳成分を含む)、trans-レスベラトロール、クチナシ
ING-0332,ナトリード,ナトリード,2,F07|F08,25,カイコハナサナギタケ粉末
ING-0333,"エノキタケ由来グルコシルセラミド((2R)-2-hydroxy-N-[(2S,3R,4E,8E)-3-hydroxy-9-methyl-1-[(2R,3R,4S,5S,6R)-3,4,5-trihydroxy-6-oxan-2-yl] oxyoctadeca-4,8-dien-2-yl] hexadecanamide)",セラミド,2,F15,25,
ING-0334,ビフィズス菌 LKM512,乳酸菌・プロバイオティクス,2,F01,25,ビフィズス菌（ＬＫＭ５１２）末 / ビフィズス菌粉末
ING-0335,S‐アリルシステイン,S‐アリルシステイン,2,F08|F11,25,SAC含有ニンニクエキス末
ING-0336,プラズマ乳酸菌 L-オルニチン一塩酸塩,乳酸菌・プロバイオティクス,2,F09|F14|F16,25,"オルニチン
乳酸菌殺菌乾燥粉末"
ING-0337,L-オルニチン一塩酸塩 プラズマ乳酸菌,乳酸菌・プロバイオティクス,2,F09|F14|F16,25,"オルニチン
乳酸菌殺菌乾燥粉末"
ING-0338,ビフィズス菌LKM512 アルギニン,乳酸菌・プロバイオティクス,2,F27,25,"ビフィズス菌粉末
L-アルギニン"
ING-0339,ジオスゲニン,ジオスゲニン,2,F07,25,ヤマイモ抽出物
ING-0340,・クエン酸 ・GABA,GABA,2,F09|F11|F19,25,"クエン酸：シークヮーサー果汁，もろみ酢，酸味料（クエン酸）

GABA：シークヮーサー乳酸発酵エキス / クエン酸：シークヮーサー果汁、もろみ酢、酸味料（クエン酸）

GABA：シークヮーサー乳酸発酵エキス"
ING-0341,ラブレ菌,ラブレ菌,2,F01|F15,25,植物性乳酸菌（生菌） / 乳酸菌末（デンプン、還元麦芽糖水飴、乳酸菌）
ING-0342,黒ショウガ由来テトラメチルルテオリン,黒ショウガテトラメチルルテオリ,2,F11,25,黒ショウガ抽出物（黒ショウガ抽出物、デキストリン）
ING-0343,γ―アミノ酪酸,γ―アミノ酪酸,2,F09|F10|F11|F14|F15,25,大麦乳酸発酵液ギャバ
ING-0344,HMB(3-ヒドロキシ-3-メチルブチレート),HMB(3-ヒドロキシ-3-メ,2,F19,25,ＨＭＢ / HMB
ING-0345,ジンジャーエキス(指標成分:6-ショウガオール、6-ジンゲロール),ジンジャーエキス(指標成分:6,2,F01|F15,25,ジンジャーエキスパウダー / ジンジャーエキス（大豆を含む）、ジンジャーエキスパウダー
ING-0346,ナノ型乳酸菌nEF,乳酸菌・プロバイオティクス,2,F01,25,殺菌乳酸菌末（乳酸菌、デキストリン） / 乳酸菌末(殺菌)
ING-0347,L. helveticus SBT2171(乳酸菌ヘルベ),乳酸菌・プロバイオティクス,2,F09|F10|F11|F14|F26,25,ヘルベティカス菌末 / L. helveticus SBT2171 濃縮凍結菌体、GABA
ING-0348,Lactobacillus gasseri PA-3,乳酸菌・プロバイオティクス,2,F22,25,"2959プリン凍結菌
＊この原材料は、発酵に用いるPA-3乳酸菌の種菌（原株）です。 
＊この種菌を用いて発酵させることで、当該製品中に機能性関与成分であるPA-3乳酸菌が摂取目安量当たり 56 億個以上含まれるように製品設計されています。なお、発酵乳乳酸菌飲料公正取引協議会が発行している“発酵乳・乳酸菌飲料の表示に関する公正競争規約とその解説（2022年11月改訂）”において「スターターに使用し / 2959プリン凍結菌
＊この原材料は、発酵に用いるPA-3乳酸菌の種菌（原株）です。 
＊この種菌を用いて発酵させることで、当該製品中に機能性関与成分であるPA-3乳酸菌が摂取目安量当たり 56"
ING-0349,メロン由来SOD(スーパーオキシドジスムターゼ),メロンSOD(スーパーオキシド,2,F10|F11|F15,25,メロン果汁濃縮エキス / メロン抽出物（デキストリン、小麦グリアジン、メロン濃縮物）
ING-0350,桑の葉イミノシュガー・茶花サポニン,桑の葉イミノシュガー・茶花サポ,2,F02|F04,25,桑の葉エキス末（桑の葉エキス、でんぷん分解物）、茶花エキス末
ING-0351,ARA(アラキドン酸),ARA(アラキドン酸),2,F07|F08|F14|F17,25,"機能性関与成分ＤＨＡ：DHA･EPA含有精製魚油
機能性関与成分ＥＰＡ：DHA･EPA含有精製魚油
機能性関与成分ＡＲＡ（アラキドン酸）：ARA含有食用油脂 / 機能性関与成分DHA、EPA：DHA･EPA含有精製魚油
機能性関与成分ARA（アラキドン酸）：ARA含有食用油脂
機能性関与成分ルテイン、ゼアキサンチン：マリーゴールド色素"
ING-0352,γーアミノ酪酸,γーアミノ酪酸,2,F02|F03,25,米ぬか発酵物、γ-アミノ酪酸（GABA） / うるち米（国内産）
ING-0353,完熟オクラ種子由来OF4949-II,完熟オクラ種子OF4949-I,2,F15,25,オクラ種子エキス末
ING-0354,乳酸菌TUA4408L,乳酸菌・プロバイオティクス,2,,25,乳酸菌　TUA4408L　（スターター）
ING-0355,フコキサンチン,フコキサンチン,2,F05,25,微細藻類抽出物 / 褐藻抽出物
ING-0356,オーラプテン,オーラプテン,2,F07,25,河内晩柑（愛媛県） / 河内晩柑果皮微粉末
ING-0357,バリルチロシン,バリルチロシン,2,F03,25,イワシ由来ペプチド
ING-0358,みかん混合発酵茶葉由来ヘスペリジン,みかん混合発酵茶葉ヘスペリジン,2,F03|F09|F11|F15|F20,25,みかん混合発酵茶末 / みかん混合発酵茶末（茶葉、青みかん）
ING-0359,α‐リノレン酸,α‐リノレン酸,2,F03|F06,25,"食用エゴマ油（国内製造） / 「リノレン含有油脂※」、「食用こめ油」
※リノレン含有油脂：食用なたね油と食用アマニ油の調合油である。食用アマニ油は酸化し易いため、食用なたね油と調合している。"
ING-0360,LGG乳酸菌 ※レジスターマークRをで表記しています,乳酸菌・プロバイオティクス,2,F01|F15,25,"LGG(R)乳酸菌(L. rhamnosus GG)スターター

＊この原材料は、発酵に用いるLGG(R)乳酸菌(L. rhamnosus GG)の種菌（スターター）です。
＊この種菌を用いて発酵させることで、最終製品中に機能性関与成分であるLGG(R)乳酸菌(L. rhamnosus GG)が摂取目安量当たり200 億個含まれるように製品設計されています。なお、はっ酵乳・乳酸菌飲料公正取引協議会 / 乳酸菌末"
ING-0361,ボニートエラスチンペプチド,ボニートエラスチンペプチド,2,F15,25,エラスチンペプチド（魚由来）
ING-0362,クエン酸塩混合物,クエン酸塩混合物,2,F09|F10,25,無水クエン酸、クエン酸三ナトリウム、クエン酸三カリウム
ING-0363,ビルベリー由来アントシアニン ルテイン,ルテイン,2,F11|F14|F15,25,"ビルベリーエキス
マリーゴールド色素 / ビルベリー抽出物
マリーゴールド色素"
ING-0364,サケ鼻軟骨由来プロテオグリカン・非変性II型コラーゲン,コラーゲン,2,F12|F13,25,サケ鼻軟骨抽出物 / サケ鼻軟骨抽出物、パプリカ色素
ING-0365,カカオフラバノール,カカオフラバノール,2,F03|F06|F19|F20,25,カカオマス / カカオマス、ココアパウダー、カカオエキスパウダー
ING-0366,MBP(乳塩基性タンパク質),MBP(乳塩基性タンパク質),2,F12,25,乳たんぱく質
ING-0367,乳酸菌Lactiplantibacillus plantarum SN13T株,乳酸菌・プロバイオティクス,2,F01,25,"乳酸菌Lactiplantibacillus plantarum SN13T株スターター：（機能性関与成分：Lactiplantibacillus plantarum SN13T株）
この原材料は、発酵に用いる乳酸菌Lactiplantibacillus plantarum SN13Tの種菌（原株）である。なお、はっ酵乳・乳酸菌飲料公正取引協議会が発行している“はっ酵乳・乳酸菌飲料の表示に関する公"
ING-0368,5-アミノレブリン酸リン酸塩 ブラックジンジャー由来ポリメトキシフラボン,5-アミノレブリン酸リン酸塩,2,F02|F05,25,"アミノ酸粉末（5-アミノレブリン酸リン酸塩含有）
ブラックジンジャーエキス / アミノ酸粉末（5-アミノレブリン酸リン酸塩含有）
ブラックジンジャー抽出物"
ING-0369,デルフィニジン 3,デルフィニジン 3,2,F11|F14|F15,25,マキベリー抽出物 / パッションフラワー抽出物、マキベリー抽出物
ING-0370,GABA こんにゃく由来グルコシルセラミド,GABA,2,F09|F14|F15,25,"【ＧＡＢＡ】ＧＡＢＡ
【こんにゃく由来グルコシルセラミド】こんにゃく芋粉抽出物（セラミド含有）"
ING-0371,ノビレチン,ノビレチン,2,F07|F14|F26,25,"シークヮーサー果皮抽出物 / ノビレチン：ポンカン抽出物
β-ラクトグロブリン：乳製品、乳清たんぱく"
ING-0372,茶カテキン(ガレート型カテキン),緑茶カテキン,2,F05|F15|F20,25,"【茶カテキン（ガレート型カテキン）】
緑茶抽出物
【ヒハツ由来ピペリン類】
ヒハツ抽出物 / 茶カテキン（ガレート型カテキン）：緑茶抽出物、ヒハツ由来ピペリン類：ヒハツ抽出物"
ING-0373,DHA・EPA(クリルオイル由来),魚油（DHA・EPA）,2,F07|F08,25,オキアミ抽出物 / オキアミ抽出物（アメリカ製造）
ING-0374,魚由来低分子コラーゲンペプチド,コラーゲン,2,F15,25,フィッシュコラーゲンペプチド（ゼラチンを含む）（国内製造） / フィッシュコラーゲンペプチド（ゼラチンを含む）
ING-0375,アロエ由来ロフェノール,アロエロフェノール,2,F15,25,アロエベラ葉肉加工品
ING-0376,アロエ由来シクロアルタノール,アロエシクロアルタノール,2,F15,25,アロエベラ葉肉加工品
ING-0377,ラフマ由来ヒペロシド・ラフマ由来イソクエルシトリン,ラフマヒペロシド・ラフマイソク,2,F09,25,ラフマ葉抽出物
ING-0378,ラクトトリペプチド,ラクトトリペプチド,2,F03|F27,25,ラクトトリペプチド含有カゼイン酵素分解物粉末（一括表示には「カゼインペプチド」と記載） / カゼインペプチド
ING-0379,L-オルニチン一塩酸塩・クロセチン,L-オルニチン一塩酸塩・クロセ,2,F09|F11|F14,25,"L-オルニチン一塩酸塩
クチナシ色素"
ING-0380,デルフィニジン3,デルフィニジン3,2,F10|F11|F14|F15,25,マキベリー抽出物 / マキベリーエキス末、マリーゴールド色素
ING-0381,温州みかん由来ヘスペリジン,温州みかんヘスペリジン,2,,25,温州みかん粉末（国内製造）
ING-0382,温州みかん由来ナリルチン,温州みかんナリルチン,2,,25,温州みかん粉末（国内製造）
ING-0383,βラクトリン,βラクトリン,2,F07|F08,25,乳たんぱく質分解物 / 乳タンパク質分解物
ING-0384,YN-1(イソエポキシプテリキシン),YN-1(イソエポキシプテリキ,2,F02|F03,25,有機ヒュウガトウキ葉部 / 有機ヒュウガトウキ葉部（日本）
ING-0385,イソプテリキシン,イソプテリキシン,2,F02|F03,25,有機ヒュウガトウキ葉部 / 有機ヒュウガトウキ葉部（日本）
ING-0386,カルノシン,カルノシン,2,F07|F11,25,鶏肉（福岡県産）
ING-0387,菊の花由来ルテオリン,菊の花ルテオリン,2,F22,25,菊花エキス
ING-0388,難消化性デキストリン GABA,食物繊維,2,F01|F02|F03|F04,25,"難消化性デキストリン（食物繊維）
GABA"
ING-0389,アスタキサンチン・ルテイン・ゼアキサンチン,ルテイン,2,F11|F14,25,ヘマトコッカス藻色素、マリーゴールド色素
ING-0390,ドコサヘキサエン酸,ドコサヘキサエン酸,2,F04,25,ＥＰＡ含有精製魚油
ING-0391,エイコサペンタエン酸,エイコサペンタエン酸,2,F04,25,ＥＰＡ含有精製魚油
ING-0392,アスタキサンチン パイナップル由来グルコシルセラミド,セラミド,2,F14|F15,25,"ヘマトコッカス藻色素
パイナップル果実エキス"
ING-0393,サケ鼻軟骨由来プロテオグリカン サケ鼻軟骨由来II型コラーゲン,コラーゲン,2,F12|F13,25,サケ鼻軟骨エキス
ING-0394,桑の葉イミノシュガー・キトサン・茶花サポニン,桑の葉イミノシュガー・キトサン,2,F02|F04,25,桑の葉エキス末（桑の葉エキス、でんぷん分解物）、茶花エキス末（茶花エキス、でんぷん分解物）、キトサン
ING-0395,菊の花エキス由来ルテオリン,菊の花エキスルテオリン,2,F22,25,菊の花抽出物
ING-0396,モモ由来グルコシルセラミド,セラミド,2,F15,25,ピーチ抽出物 / セラミド含有モモ果実エキス
ING-0397,タヒボ由来ポリフェノール,ブドウ由来成分,2,F11|F17,25,タベブイア・アベラネダエ抽出物
ING-0398,ルテインエステル,ルテイン,2,F14,25,マリーゴールド色素
ING-0399,蒟蒻由来グルコシルセラミド,セラミド,1,F15,16,こんにゃく芋粉抽出物
ING-0400,ロスマリン酸・ホーリーバジル由来フラボノイド類,ローズマリー由来成分,1,F10,16,ホーリーバジル抽出物
ING-0401,環状デキストラン及び直鎖デキストラン (食物繊維),食物繊維,1,F23,16,環状イソマルトオリゴ糖
ING-0402,ヤナギラン由来エノテインB,ヤナギランエノテインB,1,F09,16,ヤナギラン抽出物
ING-0403,コクム由来ガルシノール,コクムガルシノール,1,F05,16,コクム抽出物
ING-0404,乳酸菌CP1563株由来の10-ヒドロキシオクタデカン酸 (10-HOA),乳酸菌・プロバイオティクス,1,F05,16,殺菌乳酸菌粉末
ING-0405,ロイシン40%配合必須アミノ酸 [ロイシン、リジン、バリン、イソロイシン、スレオニン、フェニルアラニン、メチオニン、ヒスチジン、トリプトファン],ロイシン40%配合必須アミノ酸,1,F19,16,ロイシン、リジン、バリン、イソロイシン、スレオニン、フェニルアラニン、メチオニン、ヒスチジン、トリプトファン
ING-0406,清酒酵母GSP6,清酒酵母GSP6,1,F09,16,乾燥酵母(清酒酵母)
ING-0407,日向夏由来アラビノガラクタン,日向夏アラビノガラクタン,1,F12,16,日向夏
ING-0408,「L-92乳酸菌」,乳酸菌・プロバイオティクス,1,F10|F11|F16|F26,16,GABA含有乳酸菌発酵エキス末、殺菌乳酸菌粉末
ING-0409,イクラオイル由来DHA-PC,魚油（DHA・EPA）,1,F07|F08,16,リン脂質含有イクラオイル(韓国製造)
ING-0410,ローヤルゼリー由来脂肪酸(10-ヒドロキシ-2-デセン酸、10-ヒドロキシデカン酸),ローヤルゼリー脂肪酸(10-ヒ,1,,16,乾燥ローヤルゼリー粉末
ING-0411,ローヤルゼリー由来脂肪酸(10ヒドロキシ-2-デセン酸、10-ヒドロキシデカン酸),ローヤルゼリー脂肪酸(10ヒド,1,,16,乾燥ローヤルゼリー粉末
ING-0412,MBP (乳塩基性タンパク質),MBP (乳塩基性タンパク質),1,F12,16,乳たんぱく質
ING-0413,L. bulgaricus OLL1073R-1およびS. thermophilus OLS3059,L. bulgaricus O,1,F16,16,"R-1乳酸菌スターター

この原材料は、発酵に用いるL. bulgaricus OLL1073R-1およびS. thermophilus OLS3059の種菌（原株）である。なお、発酵乳乳酸菌飲料公正取引協議会が発行している“発酵乳・乳酸菌飲料の表示に関する公正競争規約とその解説（2022年11月改訂）”において「スターターに使用した乳酸菌、酵母等は、原材料名としての表示を省略する」とある。そのた"
ING-0414,甘草由来グリアスペリンB,甘草グリアスペリンB,1,F05,16,甘草エキス末
ING-0415,モロオレンジ由来アントシアニン,ブルーベリー,1,F05,16,モロオレンジエキス末
ING-0416,松樹皮由来プロシアニジンB1,りんご,1,F02|F04|F05|F09|F11|F15|F20|F27,16,インドマンゴスチン抽出物、ターミナリアベリリカ抽出物、松樹皮抽出物
ING-0417,松樹皮由来プロシアニジンB3,りんご,1,F02|F04|F05|F09|F11|F15|F20|F27,16,インドマンゴスチン抽出物、ターミナリアベリリカ抽出物、松樹皮抽出物
ING-0418,メリンジョ種子エキス (指標成分: グネチンC、グネモノシドA、グネモノシドD),メリンジョ種子エキス (指標成,1,F22,16,メリンジョ種子エキス
ING-0419,ビフィズス菌 BE80,乳酸菌・プロバイオティクス,1,F05,16,乳製品 (国内製造)、アルロース
ING-0420,乳由来スフィンゴミエリン,乳スフィンゴミエリン,1,F19,16,乳清たんぱく
ING-0421,メロン由来SOD (スーパーオキシドジスムターゼ),メロンSOD (スーパーオキシ,1,F10|F11|F15,16,メロン果汁濃縮エキス（パーム油、メロン果汁濃縮物）
ING-0422,ミカン混合発酵茶葉由来ヘスペリジン,ミカン混合発酵茶葉ヘスペリジン,1,F09|F11|F15|F20,16,ミカン混合発酵茶末(茶葉、青ミカン)
ING-0423,オーランチオキトリウム由来n-6 DPA,オーランチオキトリウムn-6,1,F03,16,微細藻オーランチオキトリウム乾燥粉末 (国内製造)
ING-0424,パルミトレイン酸,パルミトレイン酸,1,F15,16,シーベリー果実オイル
ING-0425,オニマツ樹皮由来プロシアニジンB1及びB3,りんご,1,F06,16,オニマツ樹皮抽出物
ING-0426,ホトリエノール,ホトリエノール,1,F09|F14,16,香料
ING-0427,プロシアニジンB1,りんご,1,F06|F15|F20|F27,16,松樹皮抽出物、緑茶（国産）
ING-0428,プロシアニジンB3,りんご,1,F06|F15|F20|F27,16,松樹皮抽出物、緑茶（国産）
ING-0429,レモンマートル由来カスアリニン,レモンマートルカスアリニン,1,F19,16,レモンマートル抽出末
ING-0430,卵黄酵素分解ペプチド,卵黄酵素分解ペプチド,1,F13,16,N-アセチルグルコサミン（えび・かにを含む）（国内製造）、卵黄ペプチド（卵を含む）、鶏足抽出物（ゼラチンを含む）
ING-0431,エチルα-D-グルコシド (α-EG),エチルα-D-グルコシド (α,1,F15,16,米発酵エキス (国内製造)
ING-0432,クリルオイル由来EPA,魚油（DHA・EPA）,1,F15,16,クリルオイル (オキアミ抽出物)
ING-0433,クリルオイル由来DHA,魚油（DHA・EPA）,1,F15,16,クリルオイル (オキアミ抽出物)
ING-0434,カンカ由来エキナコシド,カンカエキナコシド,1,F07|F08,16,カンカ抽出物、イチョウ葉抽出物
ING-0435,乳酸菌TWK10,乳酸菌・プロバイオティクス,1,F19,16,殺菌乳酸菌
ING-0436,ノコギリヤシエキス (指標成分:ラウリン酸、オレイン酸、β-シトステロール),ノコギリヤシエキス (指標成分,1,,16,ノコギリヤシエキス
ING-0437,L-オルニチン一塩酸塩,L-オルニチン一塩酸塩,1,F09|F10|F11|F14,16,オルニチン
ING-0438,プエラリアフラワー由来イソフラボン,大豆イソフラボン,1,F05,16,プエラリアフラワー抽出物
ING-0439,植物性乳酸菌 K-2,乳酸菌・プロバイオティクス,1,F09|F10|F11|F26,16,ギャバ、乳酸菌末（植物性乳酸菌（殺菌）、デキストリン）
ING-0440,ターミナリアべリリカ由来没食子酸,ターミナリアべリリカ没食子酸,1,F02|F04,16,ターミナリアべリリカエキス末、ブラックジンジャーエキス末（ブラックジンジャーエキス、デキストリン）、バナバ葉エキス末
ING-0441,イチョウ葉由来フラボノイド配糖体およびイチョウ葉由来テルペンラクトン,イチョウ葉,1,F01|F03|F07|F08|F09|F10|F11|F14|F15|F19,16,植物性乳酸菌末（殺菌）、有胞子性乳酸菌、イチョウ葉抽出物、大麦乳酸発酵液ギャバ
ING-0442,チャカサポニン サラシア由来サラシノール,チャカサポニン サラシアサラシ,1,F02|F04|F05,16,"【チャカサポニン】
茶花エキス末
【サラシア由来サラシノール】
サラシアエキス末"
ING-0443,韃靼そば由来ルチン,韃靼そばルチン,1,F05,16,だったんそば
ING-0444,ブドウ発酵物由来グルコシルセラミド,セラミド,1,F15,16,ブドウ発酵物エキス
ING-0445,ブドウ発酵物由来セラミド,セラミド,1,F15,16,ブドウ発酵物エキス
ING-0446,有胞子性乳酸菌 チャカサポニン GABA,乳酸菌・プロバイオティクス,1,F01|F05|F09|F14,16,"【有胞子性乳酸菌（Weizmannia coagulans SANK70258）】
有胞子性乳酸菌
【チャカサポニン】
茶花エキス末
【GABA】
GABA"
ING-0447,アルギン酸カルシウム,カルシウム,1,F02|F12,16,アルギン酸カルシウム
ING-0448,"DDMP(2,3-dihydro-3,5-dihydroxy-6-methyl-4H-pyran-4-one)","DDMP(2,3-dihydr",1,F01|F07|F15|F17,16,"DDMP: ぶどう糖果糖液糖、脱脂粉乳
＊DDMPはぶどう糖と脱脂粉乳のメイラード反応によって生成します。

乳酸菌NY1301株（Lactobacillus paracasei subsp.paracasei NY1301）

＊この原材料は、発酵に用いる乳酸菌NY1301株（Lactobacillus paracasei subsp.paracasei NY1301）の種菌（スターター）です。"
ING-0449,・エラグ酸 ・GABA,GABA,1,F03|F05|F09|F10|F11|F14|F19,16,"・ザクロエキスパウダー
・GABA"
ING-0450,りんご由来プロシアニジン ガレート型カテキン,緑茶カテキン,1,F05|F15,16,リンゴエキス末、緑茶エキス末
ING-0451,白甘藷由来糖ペプチド,白甘藷糖ペプチド,1,F02,16,甘藷抽出エキス末
ING-0452,1,1,1,F01,16,乳清発酵物
ING-0453,4-ジヒドロキシ-2-ナフトエ酸,4-ジヒドロキシ-2-ナフトエ,1,F01,16,乳清発酵物
ING-0454,ベルバスコシド,ベルバスコシド,1,F09|F10,16,レモンバーベナエキス末 (スペイン製造)
ING-0455,・プラズマ乳酸菌 ・GABA,乳酸菌・プロバイオティクス,1,F07|F09|F14|F16,16,"乳酸菌殺菌乾燥粉末
GABA"
ING-0456,ブドウ種子由来プロアントシアニジン,りんご,1,F03,16,ブドウ種子エキス
ING-0457,はなびらたけ由来トレハロース,はなびらたけトレハロース,1,F11,16,はなびらたけ粉末（国内製造）
ING-0458,ブラックジンジャー由来ポリメトキシフラボン 植物性乳酸菌K-1,乳酸菌・プロバイオティクス,1,F01|F05|F15,16,"ブラックジンジャー抽出物
植物性乳酸菌粉末"
ING-0459,オキナワモズク由来フコイダン,オキナワモズクフコイダン,1,F01,16,オキナワモズク
ING-0460,Sーアリルシステイン,Sーアリルシステイン,1,F08|F11,16,ＳＡＣ含有ニンニクエキス末
ING-0461,マカエキス(指標成分:5-アセチル-1-ベンジルピロリジン-2-オン、ピログルタミン酸),マカエキス(指標成分:5-アセ,1,F09|F11,16,マカエキス
ING-0462,p-クマル酸およびフェルラ酸,p-クマル酸およびフェルラ酸,1,F07|F19,16,サトウキビクキエキス
ING-0463,アシアチン酸,アシアチン酸,1,F19,16,ツボクサエキス末
ING-0464,アシアチコシド,アシアチコシド,1,F19,16,ツボクサエキス末
ING-0465,メチルサルフォニルメタン,メチルサルフォニルメタン,1,F13,16,メチルサルフォニルメタン
ING-0466,3-(4-ヒドロキシ‐3-メトキシフェニル)プロピオン酸,3-(4-ヒドロキシ‐3-メト,1,F05|F06,16,米ぬか発酵物（デキストリン、米ぬか発酵物）
ING-0467,マテ葉由来クロロゲン酸類,コーヒー由来成分,1,F05,16,マテ葉抽出物
ING-0468,魚由来コラーゲンペプチド GABA,GABA,1,F09|F10|F11|F15,16,"＜魚由来コラーゲンペプチド＞コラーゲンペプチド（ゼラチンを含む）
＜GABA＞大麦乳酸発酵液ギャバ"
ING-0469,ラフマ由来ヒペロシド ラフマ由来イソクエルシトリン GABA,GABA,1,F09|F10|F11|F28,16,"ラフマ葉抽出物
GABA"
ING-0470,L. bulgaricus OLL1247株およびS. thermophilus 3078株 コラーゲンペプチド スフィンゴミエリン,コラーゲン,1,F15,16,"SC-2乳酸菌スターター：（機能性関与成分：L. bulgaricus OLL1247株およびS. thermophilus 3078株（SC-2乳酸菌））
この原材料は、発酵に用いるSC-2乳酸菌の種菌（原株）である。なお、発酵乳乳酸菌飲料公正取引協議会が発行している“発酵乳・乳酸菌飲料の表示に関する公正競争規約とその解説（2022年11月改訂）”において「スターターに使用した乳酸菌、酵母等は、"
ING-0471,オオバナサルスベリ葉由来コロソリン酸,オオバナサルスベリ葉コロソリン,1,F13|F19,16,オオバナサルスベリ葉抽出物
ING-0472,イミノシュガー,イミノシュガー,1,F02,16,蚕粉末
ING-0473,L-アリイン,L-アリイン,1,F11,16,発酵ニンニクエキス末
ING-0474,4'-デメチルノビレチン,4'-デメチルノビレチン,1,F07|F08,16,麹菌みかん果皮発酵物
ING-0475,4'-デメチルタンゲレチン,4'-デメチルタンゲレチン,1,F07|F08,16,麹菌みかん果皮発酵物
ING-0476,大麦由来β‐グルカン,大麦・もち麦,1,F02,16,大麦
ING-0477,チャカサポニン サラシア由来サラシノール GABA,GABA,1,F02|F03|F04,16,"茶花エキス末（マルトデキストリン、茶花エキス）
サラシア抽出物
GABA"
ING-0478,エゴマ種子由来α-リノレン酸,エゴマ種子α-リノレン酸,1,F03,16,えごま種子（島根県産）
ING-0479,エノキタケ抽出物(指標成分:リノール酸、α-リノレン酸),エノキタケ抽出物(指標成分:リ,1,F05,16,エノキタケ抽出物
ING-0480,有胞子性乳酸菌 ヒハツ由来ピペリン類 エラグ酸,乳酸菌・プロバイオティクス,1,F01|F04|F05|F15|F20,16,有胞子性乳酸菌末（乳糖、有胞子性乳酸菌）、ヒハツエキス末（デキストリン、ヒハツエキス）、ザクロエキス末
ING-0481,ローズピップ由来ティリロサイド,ローズピップティリロサイド,1,F04|F05,16,"・機能性関与成分：難消化性デキストリン／原材料名：難消化性デキストリン（アメリカ製造）
・機能性関与成分：ローズピップ由来ティリロサイド／原材料名：ローズヒップエキス末"
ING-0482,エラグ酸、有胞子性乳酸菌,乳酸菌・プロバイオティクス,1,F01|F04|F05,16,"①ザクロエキス末、
②有胞子性乳酸菌末(乳成分を含む)"
ING-0483,DAGE,DAGE,1,F09|F10|F11,16,"DHA・EPA・リン脂質含有イクラオイル（韓国製造）
DAGE含有精製深海サメ肝油（国内製造）"
ING-0484,チャカサポニン・GABA,GABA,1,F04|F05|F19,16,"チャカサポニン：茶花エキス末
GABA：ギャバ"
ING-0485,カシス由来アントシアニン,ブルーベリー,1,F14,16,カシス末（青森県産）
ING-0486,ネオコタラノール,ネオコタラノール,1,F02,16,コタラヒムブツ(サラシア・レティキュラータ)エキス末
ING-0487,大豆β-コングリシニン,大豆イソフラボン,1,F05|F12,16,脱脂大豆
ING-0488,グルコサミン塩酸塩 ブラックジンジャー由来ポリメトキシフラボン 大豆イソフラボン,大豆イソフラボン,1,F12|F13|F19,16,グルコサミン(えび・かに由来)、ブラックジンジャー抽出物、大豆抽出物
ING-0489,イソアリイン,イソアリイン,1,,16,タマネギエキス末（デキストリン、タマネギエキス）
ING-0490,シクロアリイン,シクロアリイン,1,,16,タマネギエキス末（デキストリン、タマネギエキス）
ING-0491,メチイン,メチイン,1,,16,タマネギエキス末（デキストリン、タマネギエキス）
ING-0492,GABA レモン由来モノグルコシルヘスペリジン,GABA,1,F09|F10|F11|F14|F20,16,"GABA
ヘスペリジン"
ING-0493,レジスタントスターチ,レジスタントスターチ,1,F02,16,
ING-0494,ルテイン ビルベリー由来アントシアニン,ルテイン,1,F11|F14|F15,16,"ルテイン：マリーゴールド色素、
ビルベリー由来アントシアニン：ビルベリーエキス末"
ING-0495,ジンセノサイドRb1,高麗人参,1,F07,16,オタネニンジン果実エキス末
ING-0496,植物性乳酸菌K-1 パイナップル由来グルコシルセラミド,乳酸菌・プロバイオティクス,1,F15,16,"植物性乳酸菌(殺菌)末
パイナップル果実エキス末"
ING-0497,ルテイン ゼアキサンチン,ルテイン,1,F14,16,マリーゴールド
ING-0498,茶カテキン エピガロカテキンガレート,緑茶カテキン,1,F02|F05,16,粉末緑茶
ING-0499,タマリンド由来プロアントシアニジン 大豆イソフラボン ブラックジンジャー由来ポリメトキシフラボン,大豆イソフラボン,1,F05|F12|F13|F19,16,"クルクミン、タマリンド由来プロアントシアニジン：混合ハーブエキス末 ( タマリンド種子抽出物、 ウコン抽出物）
大豆イソフラボン：大豆エキス
ブラックジンジャー由来ポリメトキシフラボン：ブラックジンジャー抽出物"
ING-0500,パイナップ由来グルコシルセラミド,セラミド,1,F15|F20,16,ヒハツエキス末（デキストリン、ヒハツエキス）、パイナップル果実エキス末
ING-0501,卵黄コリン,卵黄コリン,1,F07,16,卵黄油
ING-0502,乳酸菌H61,乳酸菌・プロバイオティクス,1,F05|F15|F20,16,"ブラックジンジャー抽出物
酵素処理ヘスペリジン
乳酸菌末"
ING-0503,・3-(4-ヒドロキシ-3-メトキシフェニル)プロピオン酸 ・植物性乳酸菌K-1,乳酸菌・プロバイオティクス,1,F05,16,米ぬか発酵物、植物性乳酸菌末
ING-0504,カツオ由来エラスチンペプチド ブラックジンジャー由来ポリメトキシフラボン GABA,GABA,1,F03|F05|F27,16,カツオ由来エラスチンペプチド、ブラックジンジャー抽出物、ギャバ含有乳酸菌発酵エキス
ING-0505,s-アリルシステイン,s-アリルシステイン,1,F08|F11,16,SAC含有ニンニクエキス末
ING-0506,エラグ酸 ガレート型カテキン,緑茶カテキン,1,F04|F05,16,"アフリカマンゴノキエキス末
チャエキス末"
ING-0507,ユーグレナグラシリスEOD-1 株由来パラミロン,ユーグレナグラシリスEOD-1,1,F11,16,ユーグレナグラシリス末
ING-0508,N -アセチルグルコサミン,グルコサミン,1,F13|F15,16,N-アセチルグルコサミン
ING-0509,Enterococcus faecalis KH2株(ナノ型乳酸菌nEF),乳酸菌・プロバイオティクス,1,F01|F09|F10|F14,16,乳酸菌（殺菌）、米エキス粉末
ING-0510,AKBA(3-O-アセチル-11-ケト-β-ボスウェリン酸),AKBA(3-O-アセチル-1,1,F12|F13,16,"ボスウェリアセラータ樹脂抽出物
オリーブ葉抽出物
鮭鼻軟骨抽出物"
ING-0511,納豆菌K-2株 芽胞,ナットウキナーゼ,1,F01,16,納豆菌
ING-0512,ニンジンサポニン(ジンセノサイドRg1、Rb1),高麗人参,1,F06|F17,16,有機田七人参末
ING-0513,ブラックジンジャー由来 ポリメトキシフラボン,ブラックジンジャー ポリメトキ,1,F02|F04,16,ターミナリアべリリカエキス末、バナバ葉エキス末、ブラックジンジャーエキス末（ブラックジンジャーエキス、デキストリン）
ING-0514,納豆菌由来ナットウキナーゼ EPA・DHA,魚油（DHA・EPA）,1,F03|F04|F07|F08|F20,16,"納豆菌培養エキス末
EPA・DHA含有精製魚油"
ING-0515,紅茶ポリフェノール,ブドウ由来成分,1,F02,16,紅茶（インドネシア産）
ING-0516,バナバ葉由来コロソリン酸 サラシア由来サラシノール,バナバ葉コロソリン酸 サラシア,1,F02,16,"バナバ葉抽出物
サラシア抽出物"
ING-0517,ルテイン・ゼアキサンチン・アスタキサンチン,ルテイン,1,F11|F14,16,マリーゴールド色素、ヘマトコッカス藻色素
ING-0518,リコピン・GABA,GABA,1,F10|F11|F15,16,
ING-0519,菊芋由来イヌリン,菊芋イヌリン,1,F02,16,有機菊芋 (長崎県産)
ING-0520,7種必須アミノ酸〔ロイシン,7種必須アミノ酸〔ロイシン,1,F07|F08,16,ロイシン、フェニルアラニン、リジン、イソロイシン、ヒスチジン、バリン、トリプトファン
ING-0521,ザクロ由来プニカラジン,ザクロプニカラジン,1,,16,ザクロエキス
ING-0522,じゃがいも由来グルコシルセラミド,セラミド,1,F15,16,ポテトセラミド抽出物
ING-0523,乳酸菌L-137,乳酸菌・プロバイオティクス,1,F15,16,加熱乳酸菌
ING-0524,HYA(10-ヒドロキシ-シス-12-オクタデセン酸),HYA(10-ヒドロキシ-シス,1,F02|F05,16,サフラワー油発酵物
ING-0525,ルテオリン 3-(4-ヒドロキシ-3-メトキシフェニル)プロピオン酸,ルテオリン 3-(4-ヒドロキ,1,F02|F05|F22,16,"菊の花エキス加工粉末（菊の花抽出物、澱粉分解物）
米ぬか発酵物（デキストリン、米ぬか発酵物）"
ING-0526,大豆ベータコングリシニン,大豆イソフラボン,1,F04|F05,16,大豆（アメリカ）
ING-0527,酪酸菌,酪酸菌,1,F01|F05,16,"酪酸菌末（バレイショデンプン、酪酸菌）
米ぬか発酵物（デキストリン、米ぬか発酵物）"
ING-0528,NMN(ニコチンアミドモノヌクレオチド),NMN(ニコチンアミドモノヌク,1,F15,16,NMN（ニコチンアミドモノヌクレオチド）
ING-0529,イチョウ葉由来フラボノイド配糖体 イチョウ葉由来テルペンラクトン ルテイン ゼアキサンチン,ルテイン,1,F07|F08|F14,16,"イチョウ葉エキス末
マリーゴールド色素"
ING-0530,N-アセチルグルコサミン サケ鼻軟骨由来プロテオグリカン,グルコサミン,1,F09|F12|F13|F15,16,"N-アセチルグルコサミン
プロテオグリカン含有サケ鼻軟骨抽出物（デキストリン、サケ鼻軟骨抽出物）"
ING-0531,プラズマ乳酸菌 コーヒー豆由来クロロゲン酸類,乳酸菌・プロバイオティクス,1,F05|F16,16,"コーヒー生豆抽出物
乳酸菌殺菌乾燥粉末"
ING-0532,ノコギリヤシエキス(指標成分:ラウリン酸、オレイン酸、β-シトステロール),ノコギリヤシエキス(指標成分:,1,,16,ノコギリヤシエキス
ING-0533,シソ葉由来ロスマリン酸およびシソ葉由来フラボノイド類,ローズマリー由来成分,1,F26,16,シソエキス粉末
ING-0534,ラムナン硫酸,ラムナン硫酸,1,F01,16,ヒトエグサ抽出物
ING-0535,サケ鼻軟骨由来プロテオグリカン ブラックジンジャー由来ポリメトキシフラボン,プロテオグリカン,1,F05|F12|F13|F15,16,さけ鼻軟骨抽出物、ブラックジンジャーエキス末（ブラックジンジャーエキス、デキストリン）
ING-0536,ルテオリン ブラックジンジャー由来ポリメトキシフラボン,ルテオリン ブラックジンジャー,1,F05|F22,16,"菊花エキス
ブラックジンジャー抽出物"
ING-0537,メチル化カテキン 茶カテキン,緑茶カテキン,1,F05|F14|F26,16,緑茶（べにふうき）
ING-0538,N-アセチルグルコサミン及びブラックジンジャー由来ポリメトキシフラボン,グルコサミン,1,F13|F19,16,"●N-アセチルグルコサミン
●ブラックジンジャー抽出物（ブラックジンジャー由来ポリメトキシフラボン）"
ING-0539,ブラックジンジャー由来ポリメトキシフラボン サラシア由来サラシノール,ブラックジンジャーポリメトキシ,1,F02|F05,16,"ブラックジンジャー抽出物
サラシア抽出物"
ING-0540,アメリカンジンセン由来ジンセノサイド,高麗人参,1,F11,16,アメリカンジンセンエキス末（アメリカンジンセンエキス、マルトデキストリン）
ING-0541,オレアノール酸,オレアノール酸,1,F05,16,オリーブ葉抽出物
ING-0542,オレウロペイン,オレウロペイン,1,F05,16,オリーブ葉抽出物
ING-0543,クワンソウ由来ウンシノシドA,クワンソウウンシノシドA,1,F09|F11,16,クワンソウエキス末（デキストリン、クワンソウ）（国内製造）
ING-0544,L-オルニチン塩酸塩,L-オルニチン塩酸塩,1,F09,16,L-オルニチン塩酸塩
ING-0545,キューバ産ミツロウアルコール,キューバ産ミツロウアルコール,1,F13,16,ミツロウアルコール
ING-0546,プラズマ乳酸菌 カルシウム ビス-3-ヒドロキシ-3-メチルブチレートモノハイドレート,乳酸菌・プロバイオティクス,1,F12|F16|F19,16,"カルシウム ビス－３－ヒドロキシ－３－メチルブチレートモノハイドレート（HMBカルシウム）
乳酸菌殺菌乾燥粉末"
ING-0547,乳酸菌 Lactococcus lactis H61,乳酸菌・プロバイオティクス,1,F15,16,乳酸菌末
ING-0548,ヒドロキシクエン酸 植物性乳酸菌K-1,乳酸菌・プロバイオティクス,1,F05,16,"ガルシニアエキス末（ガルシニア抽出エキス、卵殻カルシウム） 
植物性乳酸菌（殺菌）末（植物性乳酸菌、デキストリン）"
ING-0549,3-(4-ヒドロキシ-3-メトキシフェニル)プロピオン酸 GABA,GABA,1,F05|F09|F10|F11|F14|F15,16,"米ぬか発酵物(デキストリン、米ぬか発酵物)
大麦乳酸発酵液ギャバ"
ING-0550,セリン,セリン,1,F13,16,セリン、EPA含有精製魚油（国内製造）
ING-0551,B. breve MCC1274(ビフィズス菌B-3),乳酸菌・プロバイオティクス,1,F01|F05|F26,16,ビフィズス菌粉末（でん粉、ビフィズス菌）（国内製造）
ING-0552,クロセチン GABA,GABA,1,F09|F10|F11,16,"クチナシ色素
GABA"
ING-0553,杜仲葉由来ゲニポシド酸,杜仲葉ゲニポシド酸,1,F03|F27,16,杜仲葉
ING-0554,納豆菌K-2株芽胞,ナットウキナーゼ,1,F01,16,納豆菌
ING-0555,グロビン蛋白分解物,グロビン蛋白分解物,1,F04,16,グロビン蛋白分解物
ING-0556,β-ラクトグロブリン,β-ラクトグロブリン,1,F14|F26,16,"ノビレチン：ポンカン抽出物
β-ラクトグロブリン：乳製品、乳清たんぱく"
ING-0557,プラズマ乳酸菌 葛の花由来イソフラボン,乳酸菌・プロバイオティクス,1,F05|F16,16,"乳酸菌殺菌乾燥粉末
葛の花抽出粉末"
ING-0558,紅麹ポリケチド・りんご由来プロシアニジン,りんご,1,F06,16,紅麹粉末、りんごエキス
ING-0559,乳酸菌WB21,乳酸菌・プロバイオティクス,1,F23,16,乳酸菌末
ING-0560,GABA ラフマ由来ヒペロシド,GABA,1,F09|F10|F11,16,GABA　ラフマ葉抽出物
ING-0561,Bacillus coagulans SANK70258,乳酸菌・プロバイオティクス,1,F01,16,有胞子性乳酸菌(Bacillus coagulans SANK70258)
ING-0562,デビルズクロー由来ハルパゴシド,デビルズクローハルパゴシド,1,F13,16,デビルズクローエキス末
ING-0563,フィコシアニン,フィコシアニン,1,F15,16,スピルリナ青色素
ING-0564,大豆ベータコングリシン,大豆イソフラボン,1,F04|F05,16,大豆（アメリカ）
ING-0565,クレモリス菌FC株 ビフィズス菌BB536,乳酸菌・プロバイオティクス,1,F01,16,"乳酸菌末（還元水あめ、乳酸菌原末、デキストリン）
ビフィズス菌末（でんぷん、ビフィズス菌原末）"
ING-0566,クレモリス菌FC株,クレモリス菌FC株,1,,16,乳酸菌末（還元水あめ、乳酸菌原末、デキストリン）
ING-0567,カカオリグニン,カカオリグニン,1,F01|F20,16,ココアパウダー
ING-0568,コーヒー生豆由来クロロゲン酸類,コーヒー由来成分,1,F05,16,コーヒー生豆エキス
ING-0569,ウーロン茶重合ポリフェノール,ブドウ由来成分,1,F05,16,烏龍茶（中国福建省）
ING-0570,ビフィズス菌N61株,乳酸菌・プロバイオティクス,1,F07|F08|F14,16,ビフィズス菌粉末
ING-0571,GABA カツオ由来エラスチンペプチド,GABA,1,F03|F27,16,"血管分解物（エラスチン）
GABA"
ING-0572,ピセアタンノール ヒハツ由来ピペリン類,ヒハツ,1,F15|F20,16,"パッションフルーツ種子抽出物(機能性関与成分：ピセアタンノール)
ヒハツ抽出物(機能性関与成分：ヒハツ由来ピペリン類)"
ING-0573,マンゴスチン由来ロダンテノンB,マンゴスチンロダンテノンB,1,F10|F15,16,マンゴスチン果皮エキス
ING-0574,ガラクトマンナン(食物繊維),食物繊維,1,F02,16,"グアー豆,フェヌグリーク"
ING-0575,赤ブドウ葉由来ポリフェノール,ブドウ由来成分,1,F20,16,赤ブドウ葉抽出物
ING-0576,DAGE(ジアシルグリセリルエーテル),DAGE(ジアシルグリセリルエ,1,F09|F10|F11,16,"DHA・EPA・リン脂質含有イクラオイル（韓国製造）
DAGE含有精製深海サメ肝油（国内製造）"
ING-0577,パプリカ由来キサントフィル,パプリカキサントフィル,1,F05|F15|F17,16,
ING-0578,黒ショウガ由来5,黒ショウガ5,1,,16,黒ショウガエキス
ING-0579,7-ジメトキシフラボンおよび黒ショウガ由来5-ヒドロキシ-7-メトキシフラボン,7-ジメトキシフラボンおよび黒,1,,16,黒ショウガエキス
ING-0580,越後白雪茸由来ピロールアルカロイド(4-(2-ホルミル-5-ヒドロキシメチル-ピロール-1-イル)酪酸として),越後白雪茸ピロールアルカロイド,1,F21,16,越後白雪茸粉末
ING-0581,L-オルニチン一塩酸塩 GABA L-テアニン,GABA,1,F09|F10|F11|F14,16,"オルニチン
ギャバ
L-テアニン"
ING-0582,イミダゾールジペプチド(バレニン、カルノシン、アンセリン),イミダゾールジペプチド(バレニ,1,F10|F11,16,ひげ鯨肉
ING-0583,ヒドロキシチロソール,オリーブ由来成分,1,F04|F06|F11|F13|F14|F17,16,"クリルオイル（オキアミ抽出物）
DHA含有食用魚油、EPA含有食用魚油
アスタキサンチン含有ヘマトコッカス藻抽出物
ヒドロキシチロソール含有オリーブ果実エキス"
ING-0584,ホスファチジルコリン,ホスファチジルコリン,1,F07,16,豚肝臓酵素分解物（豚肝臓、デキストリン）（国内製造）
ING-0585,総バコサイド,総バコサイド,1,F07,16,バコパモニエラ抽出物
ING-0586,ゴマペプチド,ゴマペプチド,1,F03,16,ゴマ蛋白分解物(ゴマペプチド含有)
ING-0587,ブタプラセンタ由来ジペプチド(グリシン-ロイシン、ロイシン-グリシン、グリシン-イソロイシン、イソロイシン-グリシン),プラセンタ,1,F15,16,豚胎盤エキス粉末
ING-0588,3-ヒドロキシ-3-メチル酪酸カルシウム,カルシウム,1,F12|F19,16,3-ヒドロキシ-3-メチル酪酸カルシウム (HMBカルシウム)
ING-0589,生姜由来ポリフェノール(6-ジンゲロール、6-ショウガオール),ブドウ由来成分,1,F20,16,生姜粉末
ING-0590,ルテインおよびゼアキサンチン,ルテイン,1,F07|F08|F14,16,マリーゴールド色素
ING-0591,L-アラビノース,L-アラビノース,1,F02,16,L-アラビノース
ING-0592,機能性関与成分名 乳酸菌NY1301株,乳酸菌・プロバイオティクス,1,F01,16,乳製品
ING-0593,牡蠣肉抽出上清由来3,牡蠣肉抽出上清3,1,F09|F10|F11,16,牡蠣肉抽出上清
ING-0594,5-dihydroxy-4-methoxybenzyl alcohol,5-dihydroxy-4-m,1,F09|F10|F11,16,牡蠣肉抽出上清
ING-0595,クリルオイル由来DHA・EPA,魚油（DHA・EPA）,1,F12|F13,16,"・サケ鼻軟骨抽出物
・クリルオイル（オキアミ抽出物）"
ING-0596,Saccharomyces cerevisiae NK-1,Saccharomyces c,1,F01,16,乾燥酵母(国内製造)
ING-0597,プロポリスエキス(指標成分:アルテピリンC、クリフォリン),プロポリスエキス(指標成分:ア,1,F07|F08,16,プロポリスエキス、ウコン、イチョウ葉抽出物、ホスファチジルセリン（大豆を含む）
ING-0598,微細藻類由来フコキサンチン,フコキサンチン,1,F05,16,微細藻類抽出物（フコキサンチン）
ING-0599,ビフィズス菌N708株,乳酸菌・プロバイオティクス,1,,16,ビフィズス菌粉末
ING-0600,ピニトール,ピニトール,1,F02,16,ピニトール
ING-0601,マルチトール,マルチトール,1,F02,16,マルチトール
ING-0602,5‐ジグルコシド,5‐ジグルコシド,1,F11|F14|F15,16,マキベリー抽出物
ING-0603,サケ鼻軟骨由来プロテオグリカン サケ鼻軟骨由来非変性II型コラーゲン,コラーゲン,1,F12|F13,16,サケ鼻軟骨抽出物
ING-0604,紫サツマイモ由来アントシアニン,ブルーベリー,1,F21,16,さつまいも汁
ING-0605,ビルベリー由来アントシアニン イチョウ葉フラボノイド配糖体 イチョウ葉テルペンラクトン,イチョウ葉,1,F07|F11|F14|F20,16,ビルベリーエキス末、イチョウ葉抽出物
ING-0606,還元難消化性デキストリン,食物繊維,1,F02,16,還元難消化性デキストリン（食物繊維）
ING-0607,αーリノレン酸,αーリノレン酸,1,F06,16,食用アマニ油（国内製造）
ING-0608,GABA・リコピン,GABA,1,F06|F10,16,
ING-0609,グロビン由来バリン-バリン- チロシン-プロリン,グロビンバリン-バリン- チロ,1,F02|F04,16,グロビンペプチド（国内製造）、サラシアエキス末
ING-0610,ロズマリン酸,ロズマリン酸,1,F14|F26,16,
ING-0611,キナ酸,キナ酸,1,,16,クランベリー
ING-0612,桑の葉イミノシュガー・キトサン・茶花サポニン・ブラックジンジャー由来ポリメトキシフラボン,桑の葉イミノシュガー・キトサン,1,F02|F04|F05,16,桑の葉エキス末（桑の葉エキス、でんぷん分解物）、キトサン、茶花エキス末（茶花エキス、でんぷん分解物）、ブラックジンジャーエキス末（ブラックジンジャーエキス、でんぷん分解物）
ING-0613,ぶどう由来のプロアントシアニジン,りんご,1,F03,16,ぶどう（山梨県産）
ING-0614,セサミン・セサモリン,ごま,1,F06,16,食用ごま油
ING-0615,グルコラファニン,グルコラファニン,1,F15,16,ケールエキス末（ケール搾汁液（ケール（国産））、デキストリン）
ING-0616,グルコサミン塩酸塩 サケ鼻軟骨由来プロテオグリカン,グルコサミン,1,F12|F13,16,"グルコサミン（えび・かに由来）
プロテオグリカン含有サケ鼻軟骨抽出物"
ING-0617,フェルラ酸,フェルラ酸,1,F07|F08,16,"クルクミン：ウコン
フェルラ酸：フェルラ酸
大豆由来ホスファチジルセリン：ホスファチジルセリン含有リン脂質"
ING-0618,ローヤルゼリー由来ペプチド,ローヤルゼリーペプチド,1,F15,16,ローヤルゼリーペプチド
ING-0619,ローヤルゼリー由来10-ヒドロキシ-2-デセン酸,ローヤルゼリー10-ヒドロキシ,1,F15,16,ローヤルゼリーペプチド
ING-0620,HMB,HMB,1,F19,16,ＨＭＢ
ING-0621,ビルベリー由来アントシアニン ルテイン・ゼアキサンチン,ルテイン,1,F10|F11|F14,16,ビルベリーエキス末、マリーゴールド色素
ING-0622,イチョウ葉フラボノイド配糖体 イチョウ葉テルペンラクトン,イチョウ葉,1,F07|F20,16,イチョウ葉エキス末
ING-0623,トリペプチドMKP(メチオニン-リジン-プロリン)・γ-アミノ酪酸,トリペプチドMKP(メチオニン,1,F03,16,乳たんぱくペプチド、γ-アミノ酪酸（GABA）
ING-0624,イソマルトデキストリン GABA,GABA,1,F02|F03|F04,16,"イソマルトデキストリン(食物繊維)
GABA"
ING-0625,カシスアントシアニン,ブルーベリー,1,F10|F14|F20,16,カシス抽出物、マリーゴールド色素
ING-0626,イソマルトデキストリン,イソマルトデキストリン,1,F02,16,イソマルトデキストリン（食物繊維）
ING-0627,アンペロプシン・キトサン,アンペロプシン・キトサン,1,F22,16,藤茶エキス末・キトサン
ING-0628,さけ鼻軟骨由来非変性II型コラーゲン,コラーゲン,1,F12|F13,16,さけ鼻軟骨抽出物
ING-0629,さけ鼻軟骨由来プロテオグリカン,プロテオグリカン,1,F12|F13,16,さけ鼻軟骨抽出物
ING-0630,グルコサミン塩酸塩 サメの軟骨由来コンドロイチン硫酸,グルコサミン,1,F12|F13,16,"原材料名：グルコサミン…機能性関与成分グルコサミン塩酸塩
原材料名：サメの軟骨抽出物（コンドロイチン含有）…機能性関与成分サメの軟骨由来コンドロイチン硫酸"
ING-0631,ラフマ由来ヒペロシド ラフマ由来イソクエルシトリン,ラフマヒペロシド ラフマイソク,1,F09,16,ラフマ葉抽出物
ING-0632,SOD(スーパーオキシドジスムターゼ),SOD(スーパーオキシドジスム,1,F10|F11,16,SOD含有メロン果汁濃縮物（パーム油、メロン果汁濃縮物）
ING-0633,ロイシン 40 % 配合必須アミノ酸〔ロイシン,ロイシン 40 % 配合必須ア,1,F19,16,ロイシン、リジン、バリン、イソロイシン、スレオニン、フェニルアラニン、メチオニン、ヒスチジン、トリプトファン
ING-0634,乳酸菌エンテロコッカス・フェカリス菌,乳酸菌・プロバイオティクス,1,F01,16,"難消化性デキストリン(食物繊維）（米国製造）
乳酸菌（殺菌済）粉末"
ING-0635,魚うろこ由来コラーゲンポリペプチド,コラーゲン,1,F15,16,魚うろこ由来コラーゲンポリペプチド
ING-0636,ラフィノース,ラフィノース,1,F01,16,ラフィノース、ミルクオリゴ糖、フラクトオリゴ糖、イソマルトオリゴ糖、環状オリゴ糖
ING-0637,ビフィズス菌LKM512,乳酸菌・プロバイオティクス,1,F01,16,ビフィズス菌（ＬＫＭ５１２）末
ING-0638,乳酸菌S-PT84,乳酸菌・プロバイオティクス,1,F01,16,"機能性関与成分乳酸菌S-PT84：乳酸菌
機能性関与成分ビフィズス菌BB536：ビフィズス菌"
ING-0639,マッシュルーム由来ポリフェノール,ブドウ由来成分,1,F01,16,シャンピニオンエキス
ING-0640,B.ビフィダム Y株,B.ビフィダム Y株,1,,16,B．ビフィダム Y株（B．ビフィダム YIT 10347）
ING-0641,サケ軟骨由来プロテオグリカン,プロテオグリカン,1,F12|F13,16,"機能性関与成分サケ軟骨由来プロテオグリカン：サケ軟骨抽出物
機能性関与成分サケ軟骨由来II型コラーゲン：サケ軟骨抽出物"
ING-0642,サケ軟骨由来II型コラーゲン,コラーゲン,1,F12|F13,16,"機能性関与成分サケ軟骨由来プロテオグリカン：サケ軟骨抽出物
機能性関与成分サケ軟骨由来II型コラーゲン：サケ軟骨抽出物"
ING-0643,赤シソ由来ロスマリン酸,ローズマリー由来成分,1,F14,16,赤シソエキス
ING-0644,ドナリエラバーダウィル由来ベータカロテン,ドナリエラバーダウィルベータカ,1,F14,16,ドナリエラバーダウィル粉末
ING-0645,びわ葉混合発酵茶葉由来ガレート型カテキン類 びわ葉混合発酵茶葉由来カテキン重合ポリフェノール,緑茶カテキン,1,F05,16,びわ葉混合発酵茶末（茶葉、びわ葉）
ING-0646,メチル化カテキン(エピガロカテキン-3-Ο(3-Ο-メチル)ガレート),緑茶カテキン,1,F14,16,緑茶（べにふうき）
ING-0647,大豆発酵多糖類,大豆イソフラボン,1,F14,16,大豆発酵多糖類粉末
ING-0648,バリルチロシン(イワシ由来),バリルチロシン(イワシ),1,F03,16,サーデンペプチド（イワシペプチド）
ING-0649,ウィンターセイボリー由来カルバクロール,ウィンターセイボリーカルバクロ,1,F15,16,ウィンターセイボリーエキス
ING-0650,ウィンターセイボリー由来チモール,ウィンターセイボリーチモール,1,F15,16,ウィンターセイボリーエキス
ING-0651,DHA(ドコサヘキサエン酸)・EPA(エイコサペンタエン酸),魚油（DHA・EPA）,1,F04,16,DHA・EPA含有精製まぐろ魚油
ING-0652,γ‐アミノ酪酸,γ‐アミノ酪酸,1,F10,16,ギャバパウダー
ING-0653,サケ軟骨由来コンドロイチン硫酸,コンドロイチン,1,F12|F13,16,"機能性関与成分グルコサミン塩酸塩：グルコサミン
機能性関与成分サケ軟骨由来コンドロイチン硫酸：サケ軟骨抽出物
機能性関与成分ヒアルロン酸Na：ヒアルロン酸"
ING-0654,サラシア由来サラシノール ※サラシア由来サラシノールとは,サラシアサラシノール ※サラシ,1,F02,16,サラシアエキス
ING-0655,サラシアエキス(サラシア属植物熱水抽出物)に含まれるサラシノールを指す。,サラシアエキス(サラシア属植物,1,F02,16,サラシアエキス
ING-0656,ラムノーザス菌L8020株(ラクトバチルス ラムノーザスKO3株),ラムノーザス菌L8020株(ラ,1,F23,16,"ラムノーザス菌Ｌ８０２０株（ラクトバチルス　ラムノーザスＫＯ３株）スターター

※この原材料は、発酵に使用するラムノーザス菌Ｌ８０２０株（ラクトバチルス　ラムノーザスＫＯ３株）の種菌（スターター）であり、この種菌を使用して発酵させることで、最終製品中に機能性関与成分であるラムノーザス菌Ｌ８０２０株（ラクトバチルス　ラムノーザスＫＯ３株）が摂取目安量当たり110億個含まれるように製品設計されています"
ING-0657,寒天由来ガラクタン(食物繊維),食物繊維,1,F01,16,海藻（紅藻類）
ING-0658,大豆ペプチド,大豆イソフラボン,1,F03,16,大豆発酵分解調味液（大豆ペプチド含有）
ING-0659,イチョウ葉テルペンラクトンおよびビルベリー由来アントシアニン,イチョウ葉,1,F07|F11|F14,16,イチョウ葉エキス末、ビルベリーエキス末
ING-0660,ルテイン ビルベリー果実由来アントシアニン,ルテイン,1,F11|F14,16,"ビルベリー果実抽出物
マリーゴールド色素"
ING-0661,鶏冠由来ヒアルロン酸Na,ヒアルロン酸,1,F09|F13,16,ヒアルロン酸含有鶏冠抽出物
ING-0662,アスパラガス由来含プロリン-3-アルキルジケトピペラジン,アスパラガス含プロリン-3-ア,1,F09|F14,16,アスパラガス抽出物
ING-0663,サーデンペプチド,サーデンペプチド,1,F03,16,サーデンペプチド(イワシペプチド)
ING-0664,ビフィズス菌(ロンガム種JBL01) 同菌(ビフィズス菌(ロンガム種JBL01))の別呼称として ビフィズス菌 又は ビフィズス菌(ビフィドバクテリウム ロンガムJBL01) 又は ビフィズス菌 又は Bifidobacterium longum JBL01 又は B.longum JBL01,乳酸菌・プロバイオティクス,1,F01,16,ビフィズス菌末
ING-0665,宮古ビデンス・ピローサ由来カフェ―酸,宮古ビデンス・ピローサカフェ―,1,F14,16,宮古ビデンス・ピローサエキス
ING-0666,クチナシ由来クロセチン,クチナシクロセチン,1,F09|F14|F15,16,"クチナシ色素
ヘマトコッカス藻色素"
ING-0667,グルコサミン,グルコサミン,1,F12|F13|F19,16,グルコサミン
ING-0668,ピぺリン,ピぺリン,1,,16,テアニン、ヒハツエキス末(でんぷん分解物、ヒハツエキス)、クレアチン、プロテオグリカン含有サケ鼻軟骨エキス末
ING-0669,クレアチン,クレアチン,1,,16,テアニン、ヒハツエキス末(でんぷん分解物、ヒハツエキス)、クレアチン、プロテオグリカン含有サケ鼻軟骨エキス末
ING-0670,プロテオグリカン,プロテオグリカン,1,,16,テアニン、ヒハツエキス末(でんぷん分解物、ヒハツエキス)、クレアチン、プロテオグリカン含有サケ鼻軟骨エキス末
ING-0671,EPAとDHA,魚油（DHA・EPA）,1,F04,16,DHA・EPA含有精製魚油
ING-0672,L-セリン,L-セリン,1,F09|F10,16,L-セリン
ING-0673,0.19小麦アルブミン,0.19小麦アルブミン,1,F02,16,小麦アルブミン
